title,link,image,image2
Logitech B100 Optical Mouse,https://www.blibli.com/p/logitech-b100-optical-mouse/pc--MTA-0307836?ds=ANK-60027-00008-00001,https://www.static-src.com/wcsstore/Indraprastha/images/catalog/medium/logitech_logitech-b100-optical-mouse_full04.jpg,https://www.static-src.com/wcsstore/Indraprastha/images/catalog/thumbnail/logitech_logitech-b100-optical-mouse_full04.jpg
Logitech K380 Multi Device Black Bluetooth Keyboard,https://www.blibli.com/p/logitech-k380-multi-device-black-bluetooth-keyboard/pc--MTA-0125121?ds=CAA-25985-00034-00001,https://www.static-src.com/wcsstore/Indraprastha/images/catalog/medium/logitech_logitech-k380-multi-device-black-bluetooth-keyboard--920-007596-_full04.jpg,https://www.static-src.com/wcsstore/Indraprastha/images/catalog/thumbnail/logitech_logitech-k380-multi-device-black-bluetooth-keyboard--920-007596-_full04.jpg
Logitech - C270 Webcam HD,https://www.blibli.com/p/logitech-c270-webcam-hd/pc--MTA-0478403?ds=1N1-27484-00097-00001,https://www.static-src.com/wcsstore/Indraprastha/images/catalog/medium//652/logitech_logitech-c270-webcam-hd--960-000627-_full04.jpg,https://www.blibli.com/brand/logitech?page=4&start=144&intent=false&brandName=logitech
Logitech - G413 Backlit Mechanical Gaming Keyboard [...,https://www.blibli.com/p/logitech-g413-backlit-mechanical-gaming-keyboard-920-008313/pc--MTA-1242212?ds=BLK-15020-02359-00001,https://www.static-src.com/wcsstore/Indraprastha/images/catalog/medium//77/MTA-1242212/logitech_logitech-g413-mechanical-backlit-gaming-keyboard--920-008313-_full05.jpg,https://www.static-src.com/wcsstore/Indraprastha/images/catalog/thumbnail//77/MTA-1242212/logitech_logitech-g413-mechanical-backlit-gaming-keyboard--920-008313-_full05.jpg
Logitech M 331 Wireless USB Mouse - Biru,https://www.blibli.com/p/logitech-m-331-wireless-usb-mouse-biru/pc--MTA-1057399?ds=CAM-57542-00225-00001,https://www.static-src.com/wcsstore/Indraprastha/images/catalog/medium//948/logitech_logitech-m-331-wireless-usb-mouse---biru_full02.jpg,https://www.static-src.com/wcsstore/Indraprastha/images/catalog/thumbnail//948/logitech_logitech-m-331-wireless-usb-mouse---biru_full02.jpg
Logitech - MX Anywhere 2 Wireless Mobile Mouse Graph...,https://www.blibli.com/p/logitech-mx-anywhere-2-wireless-mobile-mouse-graphite/pc--MTA-1318625?ds=GAC-19819-00528-00001,https://www.static-src.com/wcsstore/Indraprastha/images/catalog/medium//89/MTA-1318625/logitech_logitech-mx-anywhere-2s-dual-wireless-darkfield-mouse---graphite--910-005156-_full05.jpg,https://www.static-src.com/wcsstore/Indraprastha/images/catalog/thumbnail//89/MTA-1318625/logitech_logitech-mx-anywhere-2s-dual-wireless-darkfield-mouse---graphite--910-005156-_full05.jpg
Logitech M185 Wireless Mouse,https://www.blibli.com/p/logitech-m185-wireless-mouse/pc--MTA-2408014?ds=KLM-60025-00192-00001,https://www.static-src.com/wcsstore/Indraprastha/images/catalog/medium//84/MTA-2408014/logitech_mouse-logitech-wireless-m185_full05.jpg,https://www.static-src.com/wcsstore/Indraprastha/images/catalog/thumbnail//84/MTA-2408014/logitech_mouse-logitech-wireless-m185_full05.jpg
Logitech g102 Prodiy Gaming Mouse,https://www.blibli.com/p/logitech-g102-prodiy-gaming-mouse/pc--MTA-1052928?ds=PEA-23922-00327-00001,https://www.static-src.com/wcsstore/Indraprastha/images/catalog/medium//844/logitech_logitech-g102-prodiy-gaming-mouse_full02.jpg,https://www.static-src.com/wcsstore/Indraprastha/images/catalog/thumbnail//844/logitech_logitech-g102-prodiy-gaming-mouse_full02.jpg
Logitech M170 Wireless Mouse [Original],https://www.blibli.com/p/logitech-m170-wireless-mouse-original/ps--R2O-60021-00039?ds=R2O-60021-00039-00001,"data:image/png;base64,iVBORw0KGgoAAAANSUhEUgAAADcAAAA3CAMAAACfBSJ0AAABHVBMVEUAAADd3d3d3d3d3d3f39/e3t7e3t7e3t7f39/f39/e3t7g4ODg4ODk5OTd3d3d3d3f39/h4eHd3d3e3t7e3t7e3t7e3t7f39/e3t7e3t7e3t7f39/e3t7e3t7f39/f39/f39/h4eHj4+Pr6+vj4+Pj4+Pe3t7d3d3f39/h4eHf39/d3d3e3t7f39/f39/f39/g4ODp6ene3t7h4eHf39/f4ODe3t7f4ODf3t7d3d3e3t7n5+fg4ODg4ODk5OTu7u7f39/h4eHi4eHq6ure3t7h4eHi4+Pm5ubn5+fe3t7m5ube3t7n5+fl5eXx8fH19fXj4+Pe3t7g4ODk5OTl5OTe3t7j4+Pf39/j4+Pk5OTl5eXt7e3r6+vd3d3b29vltBjNAAAAXXRSTlMA7PfyI8S5s6d8aicRBOHelCv779TPVDn0v6udml5OS0IvIBQHAunmiGVE+dzHraNGQEA8Nh/XzIV3blxbV0stHRgNCdG7sI+FenJyZ0Y3IRv32rmWjYuB3Zt/YE3ndXhZAAADF0lEQVRIx5WW13biMBBAZWOMMcU2vZdAaIEEQmihLSG992wb/f9nrFuAPWcchfsAGkYXSTPIB+KEkMtwrxdkW5a9YUa+msuj7bRdyRPreiciRMtbeYEWWFT9ZCs8AJGEmFG40nbeZbTRi2txrVvezisLQyUZBOXixO/7vjVJxzQX6FCpG6mogW9q17zIx2pAaeR28fHzoeXVP/PLI8ej7qSlmf724Ir5nrL11Gs/Xvf2pIHEHQXag/MXj8NZT6LudFjdJVfNukslvrtOaU5h35ff50IRejb+HXToyY9QrTfh08cKDcuCpwpUq1MA7u3xKNhSJY+qEQfyAyXCA/CqMK2CjnwDBlniD2jtQvaqsItqfm0eb89y8j0hblOQDo1Xl6DnosYoVESsnqRAKJqyivZOQafv4wDAra/i4404/APxcmBAx2YQM4NEXASAoR7XzTiJNiFsetaVe+DNIHZJgXb0+MD0PtCrE7W+0zz78tT03scUqiX95BU9oJAnGBnT4xeE2AvshVOCO+k1OjuSp/lGFy9nlgv2B+6zHWvXuXbnsFEoNu5m2WNv7S2dOmtF02X059IuHHbuZmN9WkY6F5OtiFLhYQ0FHqvnUgpyvJG2JyH0sYuxSACLffSR8kxZXo1giMCi7tAHi6AbNgl5mmCD989rJRMaOadrjf4ixT1ryB+h3i21s+UXulkMfy5kjTgB9aZgpyP/F0j5LLTDfc8Dg+cA6h3a20lmnmADl/pZpyhBOeLBvpwHmxtVic/eqBv3ii4zWynZlbW5ITtWAkTc84Wt9Jz83VyvQO7t0OPgcVZaJqXmWjtdkpE9TOGewK2OMV0tGMqT8inbs5+X5PrzJ3JLiAyIh5wPuKLeFJHTB544Ifeu9TVC0VYTgnFj+ULBeGR0KhTgy7oUE+teexfE5HHI25pzH+J7sKaalmOx44OKFX3Z9wZ8DY3gXg4YNAOol2VoTvfohuVxO6hXY3l8EfUOgEUD9ZIsjU4wLdBketeY98gBCxXzuntMT8S8P5TpKVjjL9meS0D/qbLJIV4V2HhXs/8BjbfVOsLFpPsAAAAASUVORK5CYII=",https://www.blibli.com/brand/logitech?page=4&start=144&intent=false&brandName=logitech
Logitech M170 Wireles Mouse,https://www.blibli.com/p/logitech-m170-wireles-mouse/pc--MTA-1141842?ds=ANK-60027-00009-00001,"data:image/png;base64,iVBORw0KGgoAAAANSUhEUgAAADcAAAA3CAMAAACfBSJ0AAABHVBMVEUAAADd3d3d3d3d3d3f39/e3t7e3t7e3t7f39/f39/e3t7g4ODg4ODk5OTd3d3d3d3f39/h4eHd3d3e3t7e3t7e3t7e3t7f39/e3t7e3t7e3t7f39/e3t7e3t7f39/f39/f39/h4eHj4+Pr6+vj4+Pj4+Pe3t7d3d3f39/h4eHf39/d3d3e3t7f39/f39/f39/g4ODp6ene3t7h4eHf39/f4ODe3t7f4ODf3t7d3d3e3t7n5+fg4ODg4ODk5OTu7u7f39/h4eHi4eHq6ure3t7h4eHi4+Pm5ubn5+fe3t7m5ube3t7n5+fl5eXx8fH19fXj4+Pe3t7g4ODk5OTl5OTe3t7j4+Pf39/j4+Pk5OTl5eXt7e3r6+vd3d3b29vltBjNAAAAXXRSTlMA7PfyI8S5s6d8aicRBOHelCv779TPVDn0v6udml5OS0IvIBQHAunmiGVE+dzHraNGQEA8Nh/XzIV3blxbV0stHRgNCdG7sI+FenJyZ0Y3IRv32rmWjYuB3Zt/YE3ndXhZAAADF0lEQVRIx5WW13biMBBAZWOMMcU2vZdAaIEEQmihLSG992wb/f9nrFuAPWcchfsAGkYXSTPIB+KEkMtwrxdkW5a9YUa+msuj7bRdyRPreiciRMtbeYEWWFT9ZCs8AJGEmFG40nbeZbTRi2txrVvezisLQyUZBOXixO/7vjVJxzQX6FCpG6mogW9q17zIx2pAaeR28fHzoeXVP/PLI8ej7qSlmf724Ir5nrL11Gs/Xvf2pIHEHQXag/MXj8NZT6LudFjdJVfNukslvrtOaU5h35ff50IRejb+HXToyY9QrTfh08cKDcuCpwpUq1MA7u3xKNhSJY+qEQfyAyXCA/CqMK2CjnwDBlniD2jtQvaqsItqfm0eb89y8j0hblOQDo1Xl6DnosYoVESsnqRAKJqyivZOQafv4wDAra/i4404/APxcmBAx2YQM4NEXASAoR7XzTiJNiFsetaVe+DNIHZJgXb0+MD0PtCrE7W+0zz78tT03scUqiX95BU9oJAnGBnT4xeE2AvshVOCO+k1OjuSp/lGFy9nlgv2B+6zHWvXuXbnsFEoNu5m2WNv7S2dOmtF02X059IuHHbuZmN9WkY6F5OtiFLhYQ0FHqvnUgpyvJG2JyH0sYuxSACLffSR8kxZXo1giMCi7tAHi6AbNgl5mmCD989rJRMaOadrjf4ixT1ryB+h3i21s+UXulkMfy5kjTgB9aZgpyP/F0j5LLTDfc8Dg+cA6h3a20lmnmADl/pZpyhBOeLBvpwHmxtVic/eqBv3ii4zWynZlbW5ITtWAkTc84Wt9Jz83VyvQO7t0OPgcVZaJqXmWjtdkpE9TOGewK2OMV0tGMqT8inbs5+X5PrzJ3JLiAyIh5wPuKLeFJHTB544Ifeu9TVC0VYTgnFj+ULBeGR0KhTgy7oUE+teexfE5HHI25pzH+J7sKaalmOx44OKFX3Z9wZ8DY3gXg4YNAOol2VoTvfohuVxO6hXY3l8EfUOgEUD9ZIsjU4wLdBketeY98gBCxXzuntMT8S8P5TpKVjjL9meS0D/qbLJIV4V2HhXs/8BjbfVOsLFpPsAAAAASUVORK5CYII=",https://www.static-src.com/wcsstore/Indraprastha/images/catalog/thumbnail//761/logitech_logitech-m170-wireles-mouse_full01.jpg
Logitech - M221 Silent Wireless Mouse Blue,https://www.blibli.com/p/logitech-m221-silent-wireless-mouse-blue/pc--MTA-0561571?ds=CAA-25985-00291-00001,"data:image/png;base64,iVBORw0KGgoAAAANSUhEUgAAADcAAAA3CAMAAACfBSJ0AAABHVBMVEUAAADd3d3d3d3d3d3f39/e3t7e3t7e3t7f39/f39/e3t7g4ODg4ODk5OTd3d3d3d3f39/h4eHd3d3e3t7e3t7e3t7e3t7f39/e3t7e3t7e3t7f39/e3t7e3t7f39/f39/f39/h4eHj4+Pr6+vj4+Pj4+Pe3t7d3d3f39/h4eHf39/d3d3e3t7f39/f39/f39/g4ODp6ene3t7h4eHf39/f4ODe3t7f4ODf3t7d3d3e3t7n5+fg4ODg4ODk5OTu7u7f39/h4eHi4eHq6ure3t7h4eHi4+Pm5ubn5+fe3t7m5ube3t7n5+fl5eXx8fH19fXj4+Pe3t7g4ODk5OTl5OTe3t7j4+Pf39/j4+Pk5OTl5eXt7e3r6+vd3d3b29vltBjNAAAAXXRSTlMA7PfyI8S5s6d8aicRBOHelCv779TPVDn0v6udml5OS0IvIBQHAunmiGVE+dzHraNGQEA8Nh/XzIV3blxbV0stHRgNCdG7sI+FenJyZ0Y3IRv32rmWjYuB3Zt/YE3ndXhZAAADF0lEQVRIx5WW13biMBBAZWOMMcU2vZdAaIEEQmihLSG992wb/f9nrFuAPWcchfsAGkYXSTPIB+KEkMtwrxdkW5a9YUa+msuj7bRdyRPreiciRMtbeYEWWFT9ZCs8AJGEmFG40nbeZbTRi2txrVvezisLQyUZBOXixO/7vjVJxzQX6FCpG6mogW9q17zIx2pAaeR28fHzoeXVP/PLI8ej7qSlmf724Ir5nrL11Gs/Xvf2pIHEHQXag/MXj8NZT6LudFjdJVfNukslvrtOaU5h35ff50IRejb+HXToyY9QrTfh08cKDcuCpwpUq1MA7u3xKNhSJY+qEQfyAyXCA/CqMK2CjnwDBlniD2jtQvaqsItqfm0eb89y8j0hblOQDo1Xl6DnosYoVESsnqRAKJqyivZOQafv4wDAra/i4404/APxcmBAx2YQM4NEXASAoR7XzTiJNiFsetaVe+DNIHZJgXb0+MD0PtCrE7W+0zz78tT03scUqiX95BU9oJAnGBnT4xeE2AvshVOCO+k1OjuSp/lGFy9nlgv2B+6zHWvXuXbnsFEoNu5m2WNv7S2dOmtF02X059IuHHbuZmN9WkY6F5OtiFLhYQ0FHqvnUgpyvJG2JyH0sYuxSACLffSR8kxZXo1giMCi7tAHi6AbNgl5mmCD989rJRMaOadrjf4ixT1ryB+h3i21s+UXulkMfy5kjTgB9aZgpyP/F0j5LLTDfc8Dg+cA6h3a20lmnmADl/pZpyhBOeLBvpwHmxtVic/eqBv3ii4zWynZlbW5ITtWAkTc84Wt9Jz83VyvQO7t0OPgcVZaJqXmWjtdkpE9TOGewK2OMV0tGMqT8inbs5+X5PrzJ3JLiAyIh5wPuKLeFJHTB544Ifeu9TVC0VYTgnFj+ULBeGR0KhTgy7oUE+teexfE5HHI25pzH+J7sKaalmOx44OKFX3Z9wZ8DY3gXg4YNAOol2VoTvfohuVxO6hXY3l8EfUOgEUD9ZIsjU4wLdBketeY98gBCxXzuntMT8S8P5TpKVjjL9meS0D/qbLJIV4V2HhXs/8BjbfVOsLFpPsAAAAASUVORK5CYII=",https://www.static-src.com/wcsstore/Indraprastha/images/catalog/thumbnail//1045/logitech_logitech-m221-silent-wireless-mouse---blue--910-004883-_full08.jpg
Logitech - M221 Silent Wireless Mouse Red,https://www.blibli.com/p/logitech-m221-silent-wireless-mouse-red/pc--MTA-0561572?ds=CAA-25985-00292-00001,"data:image/png;base64,iVBORw0KGgoAAAANSUhEUgAAADcAAAA3CAMAAACfBSJ0AAABHVBMVEUAAADd3d3d3d3d3d3f39/e3t7e3t7e3t7f39/f39/e3t7g4ODg4ODk5OTd3d3d3d3f39/h4eHd3d3e3t7e3t7e3t7e3t7f39/e3t7e3t7e3t7f39/e3t7e3t7f39/f39/f39/h4eHj4+Pr6+vj4+Pj4+Pe3t7d3d3f39/h4eHf39/d3d3e3t7f39/f39/f39/g4ODp6ene3t7h4eHf39/f4ODe3t7f4ODf3t7d3d3e3t7n5+fg4ODg4ODk5OTu7u7f39/h4eHi4eHq6ure3t7h4eHi4+Pm5ubn5+fe3t7m5ube3t7n5+fl5eXx8fH19fXj4+Pe3t7g4ODk5OTl5OTe3t7j4+Pf39/j4+Pk5OTl5eXt7e3r6+vd3d3b29vltBjNAAAAXXRSTlMA7PfyI8S5s6d8aicRBOHelCv779TPVDn0v6udml5OS0IvIBQHAunmiGVE+dzHraNGQEA8Nh/XzIV3blxbV0stHRgNCdG7sI+FenJyZ0Y3IRv32rmWjYuB3Zt/YE3ndXhZAAADF0lEQVRIx5WW13biMBBAZWOMMcU2vZdAaIEEQmihLSG992wb/f9nrFuAPWcchfsAGkYXSTPIB+KEkMtwrxdkW5a9YUa+msuj7bRdyRPreiciRMtbeYEWWFT9ZCs8AJGEmFG40nbeZbTRi2txrVvezisLQyUZBOXixO/7vjVJxzQX6FCpG6mogW9q17zIx2pAaeR28fHzoeXVP/PLI8ej7qSlmf724Ir5nrL11Gs/Xvf2pIHEHQXag/MXj8NZT6LudFjdJVfNukslvrtOaU5h35ff50IRejb+HXToyY9QrTfh08cKDcuCpwpUq1MA7u3xKNhSJY+qEQfyAyXCA/CqMK2CjnwDBlniD2jtQvaqsItqfm0eb89y8j0hblOQDo1Xl6DnosYoVESsnqRAKJqyivZOQafv4wDAra/i4404/APxcmBAx2YQM4NEXASAoR7XzTiJNiFsetaVe+DNIHZJgXb0+MD0PtCrE7W+0zz78tT03scUqiX95BU9oJAnGBnT4xeE2AvshVOCO+k1OjuSp/lGFy9nlgv2B+6zHWvXuXbnsFEoNu5m2WNv7S2dOmtF02X059IuHHbuZmN9WkY6F5OtiFLhYQ0FHqvnUgpyvJG2JyH0sYuxSACLffSR8kxZXo1giMCi7tAHi6AbNgl5mmCD989rJRMaOadrjf4ixT1ryB+h3i21s+UXulkMfy5kjTgB9aZgpyP/F0j5LLTDfc8Dg+cA6h3a20lmnmADl/pZpyhBOeLBvpwHmxtVic/eqBv3ii4zWynZlbW5ITtWAkTc84Wt9Jz83VyvQO7t0OPgcVZaJqXmWjtdkpE9TOGewK2OMV0tGMqT8inbs5+X5PrzJ3JLiAyIh5wPuKLeFJHTB544Ifeu9TVC0VYTgnFj+ULBeGR0KhTgy7oUE+teexfE5HHI25pzH+J7sKaalmOx44OKFX3Z9wZ8DY3gXg4YNAOol2VoTvfohuVxO6hXY3l8EfUOgEUD9ZIsjU4wLdBketeY98gBCxXzuntMT8S8P5TpKVjjL9meS0D/qbLJIV4V2HhXs/8BjbfVOsLFpPsAAAAASUVORK5CYII=",https://www.blibli.com/brand/logitech?page=4&start=144&intent=false&brandName=logitech
Logitech - MK240 Nano Wireless Keyboard & Mouse Comb...,https://www.blibli.com/p/logitech-mk240-nano-wireless-keyboard-mouse-combo-white/pc--MTA-0560559?ds=SAJ-18521-00239-00001,"data:image/png;base64,iVBORw0KGgoAAAANSUhEUgAAADcAAAA3CAMAAACfBSJ0AAABHVBMVEUAAADd3d3d3d3d3d3f39/e3t7e3t7e3t7f39/f39/e3t7g4ODg4ODk5OTd3d3d3d3f39/h4eHd3d3e3t7e3t7e3t7e3t7f39/e3t7e3t7e3t7f39/e3t7e3t7f39/f39/f39/h4eHj4+Pr6+vj4+Pj4+Pe3t7d3d3f39/h4eHf39/d3d3e3t7f39/f39/f39/g4ODp6ene3t7h4eHf39/f4ODe3t7f4ODf3t7d3d3e3t7n5+fg4ODg4ODk5OTu7u7f39/h4eHi4eHq6ure3t7h4eHi4+Pm5ubn5+fe3t7m5ube3t7n5+fl5eXx8fH19fXj4+Pe3t7g4ODk5OTl5OTe3t7j4+Pf39/j4+Pk5OTl5eXt7e3r6+vd3d3b29vltBjNAAAAXXRSTlMA7PfyI8S5s6d8aicRBOHelCv779TPVDn0v6udml5OS0IvIBQHAunmiGVE+dzHraNGQEA8Nh/XzIV3blxbV0stHRgNCdG7sI+FenJyZ0Y3IRv32rmWjYuB3Zt/YE3ndXhZAAADF0lEQVRIx5WW13biMBBAZWOMMcU2vZdAaIEEQmihLSG992wb/f9nrFuAPWcchfsAGkYXSTPIB+KEkMtwrxdkW5a9YUa+msuj7bRdyRPreiciRMtbeYEWWFT9ZCs8AJGEmFG40nbeZbTRi2txrVvezisLQyUZBOXixO/7vjVJxzQX6FCpG6mogW9q17zIx2pAaeR28fHzoeXVP/PLI8ej7qSlmf724Ir5nrL11Gs/Xvf2pIHEHQXag/MXj8NZT6LudFjdJVfNukslvrtOaU5h35ff50IRejb+HXToyY9QrTfh08cKDcuCpwpUq1MA7u3xKNhSJY+qEQfyAyXCA/CqMK2CjnwDBlniD2jtQvaqsItqfm0eb89y8j0hblOQDo1Xl6DnosYoVESsnqRAKJqyivZOQafv4wDAra/i4404/APxcmBAx2YQM4NEXASAoR7XzTiJNiFsetaVe+DNIHZJgXb0+MD0PtCrE7W+0zz78tT03scUqiX95BU9oJAnGBnT4xeE2AvshVOCO+k1OjuSp/lGFy9nlgv2B+6zHWvXuXbnsFEoNu5m2WNv7S2dOmtF02X059IuHHbuZmN9WkY6F5OtiFLhYQ0FHqvnUgpyvJG2JyH0sYuxSACLffSR8kxZXo1giMCi7tAHi6AbNgl5mmCD989rJRMaOadrjf4ixT1ryB+h3i21s+UXulkMfy5kjTgB9aZgpyP/F0j5LLTDfc8Dg+cA6h3a20lmnmADl/pZpyhBOeLBvpwHmxtVic/eqBv3ii4zWynZlbW5ITtWAkTc84Wt9Jz83VyvQO7t0OPgcVZaJqXmWjtdkpE9TOGewK2OMV0tGMqT8inbs5+X5PrzJ3JLiAyIh5wPuKLeFJHTB544Ifeu9TVC0VYTgnFj+ULBeGR0KhTgy7oUE+teexfE5HHI25pzH+J7sKaalmOx44OKFX3Z9wZ8DY3gXg4YNAOol2VoTvfohuVxO6hXY3l8EfUOgEUD9ZIsjU4wLdBketeY98gBCxXzuntMT8S8P5TpKVjjL9meS0D/qbLJIV4V2HhXs/8BjbfVOsLFpPsAAAAASUVORK5CYII=",https://www.static-src.com/wcsstore/Indraprastha/images/catalog/thumbnail//1329/logitech_logitech-mk240-nano-wireless-combo-keyboard-and-mouse---white--920-008201-_full04.jpg
Logitech M238 Sneaker Head Wireless Mouse Doodle Col...,https://www.blibli.com/p/logitech-m238-sneaker-head-wireless-mouse-doodle-collection/pc--MTA-2020141?ds=MUM-60030-00060-00001,"data:image/png;base64,iVBORw0KGgoAAAANSUhEUgAAADcAAAA3CAMAAACfBSJ0AAABHVBMVEUAAADd3d3d3d3d3d3f39/e3t7e3t7e3t7f39/f39/e3t7g4ODg4ODk5OTd3d3d3d3f39/h4eHd3d3e3t7e3t7e3t7e3t7f39/e3t7e3t7e3t7f39/e3t7e3t7f39/f39/f39/h4eHj4+Pr6+vj4+Pj4+Pe3t7d3d3f39/h4eHf39/d3d3e3t7f39/f39/f39/g4ODp6ene3t7h4eHf39/f4ODe3t7f4ODf3t7d3d3e3t7n5+fg4ODg4ODk5OTu7u7f39/h4eHi4eHq6ure3t7h4eHi4+Pm5ubn5+fe3t7m5ube3t7n5+fl5eXx8fH19fXj4+Pe3t7g4ODk5OTl5OTe3t7j4+Pf39/j4+Pk5OTl5eXt7e3r6+vd3d3b29vltBjNAAAAXXRSTlMA7PfyI8S5s6d8aicRBOHelCv779TPVDn0v6udml5OS0IvIBQHAunmiGVE+dzHraNGQEA8Nh/XzIV3blxbV0stHRgNCdG7sI+FenJyZ0Y3IRv32rmWjYuB3Zt/YE3ndXhZAAADF0lEQVRIx5WW13biMBBAZWOMMcU2vZdAaIEEQmihLSG992wb/f9nrFuAPWcchfsAGkYXSTPIB+KEkMtwrxdkW5a9YUa+msuj7bRdyRPreiciRMtbeYEWWFT9ZCs8AJGEmFG40nbeZbTRi2txrVvezisLQyUZBOXixO/7vjVJxzQX6FCpG6mogW9q17zIx2pAaeR28fHzoeXVP/PLI8ej7qSlmf724Ir5nrL11Gs/Xvf2pIHEHQXag/MXj8NZT6LudFjdJVfNukslvrtOaU5h35ff50IRejb+HXToyY9QrTfh08cKDcuCpwpUq1MA7u3xKNhSJY+qEQfyAyXCA/CqMK2CjnwDBlniD2jtQvaqsItqfm0eb89y8j0hblOQDo1Xl6DnosYoVESsnqRAKJqyivZOQafv4wDAra/i4404/APxcmBAx2YQM4NEXASAoR7XzTiJNiFsetaVe+DNIHZJgXb0+MD0PtCrE7W+0zz78tT03scUqiX95BU9oJAnGBnT4xeE2AvshVOCO+k1OjuSp/lGFy9nlgv2B+6zHWvXuXbnsFEoNu5m2WNv7S2dOmtF02X059IuHHbuZmN9WkY6F5OtiFLhYQ0FHqvnUgpyvJG2JyH0sYuxSACLffSR8kxZXo1giMCi7tAHi6AbNgl5mmCD989rJRMaOadrjf4ixT1ryB+h3i21s+UXulkMfy5kjTgB9aZgpyP/F0j5LLTDfc8Dg+cA6h3a20lmnmADl/pZpyhBOeLBvpwHmxtVic/eqBv3ii4zWynZlbW5ITtWAkTc84Wt9Jz83VyvQO7t0OPgcVZaJqXmWjtdkpE9TOGewK2OMV0tGMqT8inbs5+X5PrzJ3JLiAyIh5wPuKLeFJHTB544Ifeu9TVC0VYTgnFj+ULBeGR0KhTgy7oUE+teexfE5HHI25pzH+J7sKaalmOx44OKFX3Z9wZ8DY3gXg4YNAOol2VoTvfohuVxO6hXY3l8EfUOgEUD9ZIsjU4wLdBketeY98gBCxXzuntMT8S8P5TpKVjjL9meS0D/qbLJIV4V2HhXs/8BjbfVOsLFpPsAAAAASUVORK5CYII=",https://www.static-src.com/wcsstore/Indraprastha/images/catalog/thumbnail//75/MTA-2020141/logitech_logitech-m238-wireless-mouse-doodle-collection---sneaker-head_full05.jpg
Logitech B100 Optical Mouse,https://www.blibli.com/p/logitech-b100-optical-mouse/ps--KAC-27749-00116?ds=KAC-27749-00116-00001,"data:image/png;base64,iVBORw0KGgoAAAANSUhEUgAAADcAAAA3CAMAAACfBSJ0AAABHVBMVEUAAADd3d3d3d3d3d3f39/e3t7e3t7e3t7f39/f39/e3t7g4ODg4ODk5OTd3d3d3d3f39/h4eHd3d3e3t7e3t7e3t7e3t7f39/e3t7e3t7e3t7f39/e3t7e3t7f39/f39/f39/h4eHj4+Pr6+vj4+Pj4+Pe3t7d3d3f39/h4eHf39/d3d3e3t7f39/f39/f39/g4ODp6ene3t7h4eHf39/f4ODe3t7f4ODf3t7d3d3e3t7n5+fg4ODg4ODk5OTu7u7f39/h4eHi4eHq6ure3t7h4eHi4+Pm5ubn5+fe3t7m5ube3t7n5+fl5eXx8fH19fXj4+Pe3t7g4ODk5OTl5OTe3t7j4+Pf39/j4+Pk5OTl5eXt7e3r6+vd3d3b29vltBjNAAAAXXRSTlMA7PfyI8S5s6d8aicRBOHelCv779TPVDn0v6udml5OS0IvIBQHAunmiGVE+dzHraNGQEA8Nh/XzIV3blxbV0stHRgNCdG7sI+FenJyZ0Y3IRv32rmWjYuB3Zt/YE3ndXhZAAADF0lEQVRIx5WW13biMBBAZWOMMcU2vZdAaIEEQmihLSG992wb/f9nrFuAPWcchfsAGkYXSTPIB+KEkMtwrxdkW5a9YUa+msuj7bRdyRPreiciRMtbeYEWWFT9ZCs8AJGEmFG40nbeZbTRi2txrVvezisLQyUZBOXixO/7vjVJxzQX6FCpG6mogW9q17zIx2pAaeR28fHzoeXVP/PLI8ej7qSlmf724Ir5nrL11Gs/Xvf2pIHEHQXag/MXj8NZT6LudFjdJVfNukslvrtOaU5h35ff50IRejb+HXToyY9QrTfh08cKDcuCpwpUq1MA7u3xKNhSJY+qEQfyAyXCA/CqMK2CjnwDBlniD2jtQvaqsItqfm0eb89y8j0hblOQDo1Xl6DnosYoVESsnqRAKJqyivZOQafv4wDAra/i4404/APxcmBAx2YQM4NEXASAoR7XzTiJNiFsetaVe+DNIHZJgXb0+MD0PtCrE7W+0zz78tT03scUqiX95BU9oJAnGBnT4xeE2AvshVOCO+k1OjuSp/lGFy9nlgv2B+6zHWvXuXbnsFEoNu5m2WNv7S2dOmtF02X059IuHHbuZmN9WkY6F5OtiFLhYQ0FHqvnUgpyvJG2JyH0sYuxSACLffSR8kxZXo1giMCi7tAHi6AbNgl5mmCD989rJRMaOadrjf4ixT1ryB+h3i21s+UXulkMfy5kjTgB9aZgpyP/F0j5LLTDfc8Dg+cA6h3a20lmnmADl/pZpyhBOeLBvpwHmxtVic/eqBv3ii4zWynZlbW5ITtWAkTc84Wt9Jz83VyvQO7t0OPgcVZaJqXmWjtdkpE9TOGewK2OMV0tGMqT8inbs5+X5PrzJ3JLiAyIh5wPuKLeFJHTB544Ifeu9TVC0VYTgnFj+ULBeGR0KhTgy7oUE+teexfE5HHI25pzH+J7sKaalmOx44OKFX3Z9wZ8DY3gXg4YNAOol2VoTvfohuVxO6hXY3l8EfUOgEUD9ZIsjU4wLdBketeY98gBCxXzuntMT8S8P5TpKVjjL9meS0D/qbLJIV4V2HhXs/8BjbfVOsLFpPsAAAAASUVORK5CYII=",https://www.static-src.com/wcsstore/Indraprastha/images/catalog/thumbnail/logitech_logitech-b100-optical-mouse_full04.jpg
Logitech - M720 Triathlon Multi-Device WirelessÂ Mous...,https://www.blibli.com/p/logitech-m720-triathlon-multi-device-wireless-mouse/pc--MTA-0519750?ds=CAA-25985-00324-00001,"data:image/png;base64,iVBORw0KGgoAAAANSUhEUgAAADcAAAA3CAMAAACfBSJ0AAABHVBMVEUAAADd3d3d3d3d3d3f39/e3t7e3t7e3t7f39/f39/e3t7g4ODg4ODk5OTd3d3d3d3f39/h4eHd3d3e3t7e3t7e3t7e3t7f39/e3t7e3t7e3t7f39/e3t7e3t7f39/f39/f39/h4eHj4+Pr6+vj4+Pj4+Pe3t7d3d3f39/h4eHf39/d3d3e3t7f39/f39/f39/g4ODp6ene3t7h4eHf39/f4ODe3t7f4ODf3t7d3d3e3t7n5+fg4ODg4ODk5OTu7u7f39/h4eHi4eHq6ure3t7h4eHi4+Pm5ubn5+fe3t7m5ube3t7n5+fl5eXx8fH19fXj4+Pe3t7g4ODk5OTl5OTe3t7j4+Pf39/j4+Pk5OTl5eXt7e3r6+vd3d3b29vltBjNAAAAXXRSTlMA7PfyI8S5s6d8aicRBOHelCv779TPVDn0v6udml5OS0IvIBQHAunmiGVE+dzHraNGQEA8Nh/XzIV3blxbV0stHRgNCdG7sI+FenJyZ0Y3IRv32rmWjYuB3Zt/YE3ndXhZAAADF0lEQVRIx5WW13biMBBAZWOMMcU2vZdAaIEEQmihLSG992wb/f9nrFuAPWcchfsAGkYXSTPIB+KEkMtwrxdkW5a9YUa+msuj7bRdyRPreiciRMtbeYEWWFT9ZCs8AJGEmFG40nbeZbTRi2txrVvezisLQyUZBOXixO/7vjVJxzQX6FCpG6mogW9q17zIx2pAaeR28fHzoeXVP/PLI8ej7qSlmf724Ir5nrL11Gs/Xvf2pIHEHQXag/MXj8NZT6LudFjdJVfNukslvrtOaU5h35ff50IRejb+HXToyY9QrTfh08cKDcuCpwpUq1MA7u3xKNhSJY+qEQfyAyXCA/CqMK2CjnwDBlniD2jtQvaqsItqfm0eb89y8j0hblOQDo1Xl6DnosYoVESsnqRAKJqyivZOQafv4wDAra/i4404/APxcmBAx2YQM4NEXASAoR7XzTiJNiFsetaVe+DNIHZJgXb0+MD0PtCrE7W+0zz78tT03scUqiX95BU9oJAnGBnT4xeE2AvshVOCO+k1OjuSp/lGFy9nlgv2B+6zHWvXuXbnsFEoNu5m2WNv7S2dOmtF02X059IuHHbuZmN9WkY6F5OtiFLhYQ0FHqvnUgpyvJG2JyH0sYuxSACLffSR8kxZXo1giMCi7tAHi6AbNgl5mmCD989rJRMaOadrjf4ixT1ryB+h3i21s+UXulkMfy5kjTgB9aZgpyP/F0j5LLTDfc8Dg+cA6h3a20lmnmADl/pZpyhBOeLBvpwHmxtVic/eqBv3ii4zWynZlbW5ITtWAkTc84Wt9Jz83VyvQO7t0OPgcVZaJqXmWjtdkpE9TOGewK2OMV0tGMqT8inbs5+X5PrzJ3JLiAyIh5wPuKLeFJHTB544Ifeu9TVC0VYTgnFj+ULBeGR0KhTgy7oUE+teexfE5HHI25pzH+J7sKaalmOx44OKFX3Z9wZ8DY3gXg4YNAOol2VoTvfohuVxO6hXY3l8EfUOgEUD9ZIsjU4wLdBketeY98gBCxXzuntMT8S8P5TpKVjjL9meS0D/qbLJIV4V2HhXs/8BjbfVOsLFpPsAAAAASUVORK5CYII=",https://www.static-src.com/wcsstore/Indraprastha/images/catalog/thumbnail//1258/logitech_logitech-triathlon-m720-multi-device-wireless-mouse--910-004790-_full08.jpg
Logitech M235 Wireless Mouse,https://www.blibli.com/p/logitech-m235-wireless-mouse/pc--MTA-1913671?ds=MUM-60030-00044-00001,"data:image/png;base64,iVBORw0KGgoAAAANSUhEUgAAADcAAAA3CAMAAACfBSJ0AAABHVBMVEUAAADd3d3d3d3d3d3f39/e3t7e3t7e3t7f39/f39/e3t7g4ODg4ODk5OTd3d3d3d3f39/h4eHd3d3e3t7e3t7e3t7e3t7f39/e3t7e3t7e3t7f39/e3t7e3t7f39/f39/f39/h4eHj4+Pr6+vj4+Pj4+Pe3t7d3d3f39/h4eHf39/d3d3e3t7f39/f39/f39/g4ODp6ene3t7h4eHf39/f4ODe3t7f4ODf3t7d3d3e3t7n5+fg4ODg4ODk5OTu7u7f39/h4eHi4eHq6ure3t7h4eHi4+Pm5ubn5+fe3t7m5ube3t7n5+fl5eXx8fH19fXj4+Pe3t7g4ODk5OTl5OTe3t7j4+Pf39/j4+Pk5OTl5eXt7e3r6+vd3d3b29vltBjNAAAAXXRSTlMA7PfyI8S5s6d8aicRBOHelCv779TPVDn0v6udml5OS0IvIBQHAunmiGVE+dzHraNGQEA8Nh/XzIV3blxbV0stHRgNCdG7sI+FenJyZ0Y3IRv32rmWjYuB3Zt/YE3ndXhZAAADF0lEQVRIx5WW13biMBBAZWOMMcU2vZdAaIEEQmihLSG992wb/f9nrFuAPWcchfsAGkYXSTPIB+KEkMtwrxdkW5a9YUa+msuj7bRdyRPreiciRMtbeYEWWFT9ZCs8AJGEmFG40nbeZbTRi2txrVvezisLQyUZBOXixO/7vjVJxzQX6FCpG6mogW9q17zIx2pAaeR28fHzoeXVP/PLI8ej7qSlmf724Ir5nrL11Gs/Xvf2pIHEHQXag/MXj8NZT6LudFjdJVfNukslvrtOaU5h35ff50IRejb+HXToyY9QrTfh08cKDcuCpwpUq1MA7u3xKNhSJY+qEQfyAyXCA/CqMK2CjnwDBlniD2jtQvaqsItqfm0eb89y8j0hblOQDo1Xl6DnosYoVESsnqRAKJqyivZOQafv4wDAra/i4404/APxcmBAx2YQM4NEXASAoR7XzTiJNiFsetaVe+DNIHZJgXb0+MD0PtCrE7W+0zz78tT03scUqiX95BU9oJAnGBnT4xeE2AvshVOCO+k1OjuSp/lGFy9nlgv2B+6zHWvXuXbnsFEoNu5m2WNv7S2dOmtF02X059IuHHbuZmN9WkY6F5OtiFLhYQ0FHqvnUgpyvJG2JyH0sYuxSACLffSR8kxZXo1giMCi7tAHi6AbNgl5mmCD989rJRMaOadrjf4ixT1ryB+h3i21s+UXulkMfy5kjTgB9aZgpyP/F0j5LLTDfc8Dg+cA6h3a20lmnmADl/pZpyhBOeLBvpwHmxtVic/eqBv3ii4zWynZlbW5ITtWAkTc84Wt9Jz83VyvQO7t0OPgcVZaJqXmWjtdkpE9TOGewK2OMV0tGMqT8inbs5+X5PrzJ3JLiAyIh5wPuKLeFJHTB544Ifeu9TVC0VYTgnFj+ULBeGR0KhTgy7oUE+teexfE5HHI25pzH+J7sKaalmOx44OKFX3Z9wZ8DY3gXg4YNAOol2VoTvfohuVxO6hXY3l8EfUOgEUD9ZIsjU4wLdBketeY98gBCxXzuntMT8S8P5TpKVjjL9meS0D/qbLJIV4V2HhXs/8BjbfVOsLFpPsAAAAASUVORK5CYII=",https://www.static-src.com/wcsstore/Indraprastha/images/catalog/thumbnail//91/MTA-1913671/logitech_logitech-m235-mouse-wireless_full03.jpg
Logitech MK100 Mouse and Keyboard,https://www.blibli.com/p/logitech-mk100-mouse-and-keyboard/pc--MTA-1180583?ds=MUM-60030-00081-00001,"data:image/png;base64,iVBORw0KGgoAAAANSUhEUgAAADcAAAA3CAMAAACfBSJ0AAABHVBMVEUAAADd3d3d3d3d3d3f39/e3t7e3t7e3t7f39/f39/e3t7g4ODg4ODk5OTd3d3d3d3f39/h4eHd3d3e3t7e3t7e3t7e3t7f39/e3t7e3t7e3t7f39/e3t7e3t7f39/f39/f39/h4eHj4+Pr6+vj4+Pj4+Pe3t7d3d3f39/h4eHf39/d3d3e3t7f39/f39/f39/g4ODp6ene3t7h4eHf39/f4ODe3t7f4ODf3t7d3d3e3t7n5+fg4ODg4ODk5OTu7u7f39/h4eHi4eHq6ure3t7h4eHi4+Pm5ubn5+fe3t7m5ube3t7n5+fl5eXx8fH19fXj4+Pe3t7g4ODk5OTl5OTe3t7j4+Pf39/j4+Pk5OTl5eXt7e3r6+vd3d3b29vltBjNAAAAXXRSTlMA7PfyI8S5s6d8aicRBOHelCv779TPVDn0v6udml5OS0IvIBQHAunmiGVE+dzHraNGQEA8Nh/XzIV3blxbV0stHRgNCdG7sI+FenJyZ0Y3IRv32rmWjYuB3Zt/YE3ndXhZAAADF0lEQVRIx5WW13biMBBAZWOMMcU2vZdAaIEEQmihLSG992wb/f9nrFuAPWcchfsAGkYXSTPIB+KEkMtwrxdkW5a9YUa+msuj7bRdyRPreiciRMtbeYEWWFT9ZCs8AJGEmFG40nbeZbTRi2txrVvezisLQyUZBOXixO/7vjVJxzQX6FCpG6mogW9q17zIx2pAaeR28fHzoeXVP/PLI8ej7qSlmf724Ir5nrL11Gs/Xvf2pIHEHQXag/MXj8NZT6LudFjdJVfNukslvrtOaU5h35ff50IRejb+HXToyY9QrTfh08cKDcuCpwpUq1MA7u3xKNhSJY+qEQfyAyXCA/CqMK2CjnwDBlniD2jtQvaqsItqfm0eb89y8j0hblOQDo1Xl6DnosYoVESsnqRAKJqyivZOQafv4wDAra/i4404/APxcmBAx2YQM4NEXASAoR7XzTiJNiFsetaVe+DNIHZJgXb0+MD0PtCrE7W+0zz78tT03scUqiX95BU9oJAnGBnT4xeE2AvshVOCO+k1OjuSp/lGFy9nlgv2B+6zHWvXuXbnsFEoNu5m2WNv7S2dOmtF02X059IuHHbuZmN9WkY6F5OtiFLhYQ0FHqvnUgpyvJG2JyH0sYuxSACLffSR8kxZXo1giMCi7tAHi6AbNgl5mmCD989rJRMaOadrjf4ixT1ryB+h3i21s+UXulkMfy5kjTgB9aZgpyP/F0j5LLTDfc8Dg+cA6h3a20lmnmADl/pZpyhBOeLBvpwHmxtVic/eqBv3ii4zWynZlbW5ITtWAkTc84Wt9Jz83VyvQO7t0OPgcVZaJqXmWjtdkpE9TOGewK2OMV0tGMqT8inbs5+X5PrzJ3JLiAyIh5wPuKLeFJHTB544Ifeu9TVC0VYTgnFj+ULBeGR0KhTgy7oUE+teexfE5HHI25pzH+J7sKaalmOx44OKFX3Z9wZ8DY3gXg4YNAOol2VoTvfohuVxO6hXY3l8EfUOgEUD9ZIsjU4wLdBketeY98gBCxXzuntMT8S8P5TpKVjjL9meS0D/qbLJIV4V2HhXs/8BjbfVOsLFpPsAAAAASUVORK5CYII=",https://www.blibli.com/brand/logitech?page=4&start=144&intent=false&brandName=logitech
Logitech M 170 Mouse Wireless - Hitam,https://www.blibli.com/p/logitech-m-170-mouse-wireless-hitam/pc--MTA-0621225?ds=SPD-21499-00839-00001,"data:image/png;base64,iVBORw0KGgoAAAANSUhEUgAAADcAAAA3CAMAAACfBSJ0AAABHVBMVEUAAADd3d3d3d3d3d3f39/e3t7e3t7e3t7f39/f39/e3t7g4ODg4ODk5OTd3d3d3d3f39/h4eHd3d3e3t7e3t7e3t7e3t7f39/e3t7e3t7e3t7f39/e3t7e3t7f39/f39/f39/h4eHj4+Pr6+vj4+Pj4+Pe3t7d3d3f39/h4eHf39/d3d3e3t7f39/f39/f39/g4ODp6ene3t7h4eHf39/f4ODe3t7f4ODf3t7d3d3e3t7n5+fg4ODg4ODk5OTu7u7f39/h4eHi4eHq6ure3t7h4eHi4+Pm5ubn5+fe3t7m5ube3t7n5+fl5eXx8fH19fXj4+Pe3t7g4ODk5OTl5OTe3t7j4+Pf39/j4+Pk5OTl5eXt7e3r6+vd3d3b29vltBjNAAAAXXRSTlMA7PfyI8S5s6d8aicRBOHelCv779TPVDn0v6udml5OS0IvIBQHAunmiGVE+dzHraNGQEA8Nh/XzIV3blxbV0stHRgNCdG7sI+FenJyZ0Y3IRv32rmWjYuB3Zt/YE3ndXhZAAADF0lEQVRIx5WW13biMBBAZWOMMcU2vZdAaIEEQmihLSG992wb/f9nrFuAPWcchfsAGkYXSTPIB+KEkMtwrxdkW5a9YUa+msuj7bRdyRPreiciRMtbeYEWWFT9ZCs8AJGEmFG40nbeZbTRi2txrVvezisLQyUZBOXixO/7vjVJxzQX6FCpG6mogW9q17zIx2pAaeR28fHzoeXVP/PLI8ej7qSlmf724Ir5nrL11Gs/Xvf2pIHEHQXag/MXj8NZT6LudFjdJVfNukslvrtOaU5h35ff50IRejb+HXToyY9QrTfh08cKDcuCpwpUq1MA7u3xKNhSJY+qEQfyAyXCA/CqMK2CjnwDBlniD2jtQvaqsItqfm0eb89y8j0hblOQDo1Xl6DnosYoVESsnqRAKJqyivZOQafv4wDAra/i4404/APxcmBAx2YQM4NEXASAoR7XzTiJNiFsetaVe+DNIHZJgXb0+MD0PtCrE7W+0zz78tT03scUqiX95BU9oJAnGBnT4xeE2AvshVOCO+k1OjuSp/lGFy9nlgv2B+6zHWvXuXbnsFEoNu5m2WNv7S2dOmtF02X059IuHHbuZmN9WkY6F5OtiFLhYQ0FHqvnUgpyvJG2JyH0sYuxSACLffSR8kxZXo1giMCi7tAHi6AbNgl5mmCD989rJRMaOadrjf4ixT1ryB+h3i21s+UXulkMfy5kjTgB9aZgpyP/F0j5LLTDfc8Dg+cA6h3a20lmnmADl/pZpyhBOeLBvpwHmxtVic/eqBv3ii4zWynZlbW5ITtWAkTc84Wt9Jz83VyvQO7t0OPgcVZaJqXmWjtdkpE9TOGewK2OMV0tGMqT8inbs5+X5PrzJ3JLiAyIh5wPuKLeFJHTB544Ifeu9TVC0VYTgnFj+ULBeGR0KhTgy7oUE+teexfE5HHI25pzH+J7sKaalmOx44OKFX3Z9wZ8DY3gXg4YNAOol2VoTvfohuVxO6hXY3l8EfUOgEUD9ZIsjU4wLdBketeY98gBCxXzuntMT8S8P5TpKVjjL9meS0D/qbLJIV4V2HhXs/8BjbfVOsLFpPsAAAAASUVORK5CYII=",https://www.static-src.com/wcsstore/Indraprastha/images/catalog/thumbnail//890/logitech_logitech-m-170-mouse-wireless---hitam_full02.jpg
Logitech USB Powered Bluetooth Audio Receiver Adapte...,https://www.blibli.com/p/logitech-usb-powered-bluetooth-audio-receiver-adapter-980-001276/pc--MTA-1442991?ds=GAC-19819-00636-00001,"data:image/png;base64,iVBORw0KGgoAAAANSUhEUgAAADcAAAA3CAMAAACfBSJ0AAABHVBMVEUAAADd3d3d3d3d3d3f39/e3t7e3t7e3t7f39/f39/e3t7g4ODg4ODk5OTd3d3d3d3f39/h4eHd3d3e3t7e3t7e3t7e3t7f39/e3t7e3t7e3t7f39/e3t7e3t7f39/f39/f39/h4eHj4+Pr6+vj4+Pj4+Pe3t7d3d3f39/h4eHf39/d3d3e3t7f39/f39/f39/g4ODp6ene3t7h4eHf39/f4ODe3t7f4ODf3t7d3d3e3t7n5+fg4ODg4ODk5OTu7u7f39/h4eHi4eHq6ure3t7h4eHi4+Pm5ubn5+fe3t7m5ube3t7n5+fl5eXx8fH19fXj4+Pe3t7g4ODk5OTl5OTe3t7j4+Pf39/j4+Pk5OTl5eXt7e3r6+vd3d3b29vltBjNAAAAXXRSTlMA7PfyI8S5s6d8aicRBOHelCv779TPVDn0v6udml5OS0IvIBQHAunmiGVE+dzHraNGQEA8Nh/XzIV3blxbV0stHRgNCdG7sI+FenJyZ0Y3IRv32rmWjYuB3Zt/YE3ndXhZAAADF0lEQVRIx5WW13biMBBAZWOMMcU2vZdAaIEEQmihLSG992wb/f9nrFuAPWcchfsAGkYXSTPIB+KEkMtwrxdkW5a9YUa+msuj7bRdyRPreiciRMtbeYEWWFT9ZCs8AJGEmFG40nbeZbTRi2txrVvezisLQyUZBOXixO/7vjVJxzQX6FCpG6mogW9q17zIx2pAaeR28fHzoeXVP/PLI8ej7qSlmf724Ir5nrL11Gs/Xvf2pIHEHQXag/MXj8NZT6LudFjdJVfNukslvrtOaU5h35ff50IRejb+HXToyY9QrTfh08cKDcuCpwpUq1MA7u3xKNhSJY+qEQfyAyXCA/CqMK2CjnwDBlniD2jtQvaqsItqfm0eb89y8j0hblOQDo1Xl6DnosYoVESsnqRAKJqyivZOQafv4wDAra/i4404/APxcmBAx2YQM4NEXASAoR7XzTiJNiFsetaVe+DNIHZJgXb0+MD0PtCrE7W+0zz78tT03scUqiX95BU9oJAnGBnT4xeE2AvshVOCO+k1OjuSp/lGFy9nlgv2B+6zHWvXuXbnsFEoNu5m2WNv7S2dOmtF02X059IuHHbuZmN9WkY6F5OtiFLhYQ0FHqvnUgpyvJG2JyH0sYuxSACLffSR8kxZXo1giMCi7tAHi6AbNgl5mmCD989rJRMaOadrjf4ixT1ryB+h3i21s+UXulkMfy5kjTgB9aZgpyP/F0j5LLTDfc8Dg+cA6h3a20lmnmADl/pZpyhBOeLBvpwHmxtVic/eqBv3ii4zWynZlbW5ITtWAkTc84Wt9Jz83VyvQO7t0OPgcVZaJqXmWjtdkpE9TOGewK2OMV0tGMqT8inbs5+X5PrzJ3JLiAyIh5wPuKLeFJHTB544Ifeu9TVC0VYTgnFj+ULBeGR0KhTgy7oUE+teexfE5HHI25pzH+J7sKaalmOx44OKFX3Z9wZ8DY3gXg4YNAOol2VoTvfohuVxO6hXY3l8EfUOgEUD9ZIsjU4wLdBketeY98gBCxXzuntMT8S8P5TpKVjjL9meS0D/qbLJIV4V2HhXs/8BjbfVOsLFpPsAAAAASUVORK5CYII=",https://www.blibli.com/brand/logitech?page=4&start=144&intent=false&brandName=logitech
Logitech G633 7.1 Surround Artemis Spectrum Gaming H...,https://www.blibli.com/p/logitech-g633-7-1-surround-artemis-spectrum-gaming-headset-981-000606/pc--MTA-0267274?ds=DET-24575-00240-00001,"data:image/png;base64,iVBORw0KGgoAAAANSUhEUgAAADcAAAA3CAMAAACfBSJ0AAABHVBMVEUAAADd3d3d3d3d3d3f39/e3t7e3t7e3t7f39/f39/e3t7g4ODg4ODk5OTd3d3d3d3f39/h4eHd3d3e3t7e3t7e3t7e3t7f39/e3t7e3t7e3t7f39/e3t7e3t7f39/f39/f39/h4eHj4+Pr6+vj4+Pj4+Pe3t7d3d3f39/h4eHf39/d3d3e3t7f39/f39/f39/g4ODp6ene3t7h4eHf39/f4ODe3t7f4ODf3t7d3d3e3t7n5+fg4ODg4ODk5OTu7u7f39/h4eHi4eHq6ure3t7h4eHi4+Pm5ubn5+fe3t7m5ube3t7n5+fl5eXx8fH19fXj4+Pe3t7g4ODk5OTl5OTe3t7j4+Pf39/j4+Pk5OTl5eXt7e3r6+vd3d3b29vltBjNAAAAXXRSTlMA7PfyI8S5s6d8aicRBOHelCv779TPVDn0v6udml5OS0IvIBQHAunmiGVE+dzHraNGQEA8Nh/XzIV3blxbV0stHRgNCdG7sI+FenJyZ0Y3IRv32rmWjYuB3Zt/YE3ndXhZAAADF0lEQVRIx5WW13biMBBAZWOMMcU2vZdAaIEEQmihLSG992wb/f9nrFuAPWcchfsAGkYXSTPIB+KEkMtwrxdkW5a9YUa+msuj7bRdyRPreiciRMtbeYEWWFT9ZCs8AJGEmFG40nbeZbTRi2txrVvezisLQyUZBOXixO/7vjVJxzQX6FCpG6mogW9q17zIx2pAaeR28fHzoeXVP/PLI8ej7qSlmf724Ir5nrL11Gs/Xvf2pIHEHQXag/MXj8NZT6LudFjdJVfNukslvrtOaU5h35ff50IRejb+HXToyY9QrTfh08cKDcuCpwpUq1MA7u3xKNhSJY+qEQfyAyXCA/CqMK2CjnwDBlniD2jtQvaqsItqfm0eb89y8j0hblOQDo1Xl6DnosYoVESsnqRAKJqyivZOQafv4wDAra/i4404/APxcmBAx2YQM4NEXASAoR7XzTiJNiFsetaVe+DNIHZJgXb0+MD0PtCrE7W+0zz78tT03scUqiX95BU9oJAnGBnT4xeE2AvshVOCO+k1OjuSp/lGFy9nlgv2B+6zHWvXuXbnsFEoNu5m2WNv7S2dOmtF02X059IuHHbuZmN9WkY6F5OtiFLhYQ0FHqvnUgpyvJG2JyH0sYuxSACLffSR8kxZXo1giMCi7tAHi6AbNgl5mmCD989rJRMaOadrjf4ixT1ryB+h3i21s+UXulkMfy5kjTgB9aZgpyP/F0j5LLTDfc8Dg+cA6h3a20lmnmADl/pZpyhBOeLBvpwHmxtVic/eqBv3ii4zWynZlbW5ITtWAkTc84Wt9Jz83VyvQO7t0OPgcVZaJqXmWjtdkpE9TOGewK2OMV0tGMqT8inbs5+X5PrzJ3JLiAyIh5wPuKLeFJHTB544Ifeu9TVC0VYTgnFj+ULBeGR0KhTgy7oUE+teexfE5HHI25pzH+J7sKaalmOx44OKFX3Z9wZ8DY3gXg4YNAOol2VoTvfohuVxO6hXY3l8EfUOgEUD9ZIsjU4wLdBketeY98gBCxXzuntMT8S8P5TpKVjjL9meS0D/qbLJIV4V2HhXs/8BjbfVOsLFpPsAAAAASUVORK5CYII=",https://www.blibli.com/brand/logitech?page=4&start=144&intent=false&brandName=logitech
Logitech K100 PS2 Keyboard,https://www.blibli.com/p/logitech-k100-ps2-keyboard/pc--MTA-0061329?ds=GOC-32056-00071-00001,"data:image/png;base64,iVBORw0KGgoAAAANSUhEUgAAADcAAAA3CAMAAACfBSJ0AAABHVBMVEUAAADd3d3d3d3d3d3f39/e3t7e3t7e3t7f39/f39/e3t7g4ODg4ODk5OTd3d3d3d3f39/h4eHd3d3e3t7e3t7e3t7e3t7f39/e3t7e3t7e3t7f39/e3t7e3t7f39/f39/f39/h4eHj4+Pr6+vj4+Pj4+Pe3t7d3d3f39/h4eHf39/d3d3e3t7f39/f39/f39/g4ODp6ene3t7h4eHf39/f4ODe3t7f4ODf3t7d3d3e3t7n5+fg4ODg4ODk5OTu7u7f39/h4eHi4eHq6ure3t7h4eHi4+Pm5ubn5+fe3t7m5ube3t7n5+fl5eXx8fH19fXj4+Pe3t7g4ODk5OTl5OTe3t7j4+Pf39/j4+Pk5OTl5eXt7e3r6+vd3d3b29vltBjNAAAAXXRSTlMA7PfyI8S5s6d8aicRBOHelCv779TPVDn0v6udml5OS0IvIBQHAunmiGVE+dzHraNGQEA8Nh/XzIV3blxbV0stHRgNCdG7sI+FenJyZ0Y3IRv32rmWjYuB3Zt/YE3ndXhZAAADF0lEQVRIx5WW13biMBBAZWOMMcU2vZdAaIEEQmihLSG992wb/f9nrFuAPWcchfsAGkYXSTPIB+KEkMtwrxdkW5a9YUa+msuj7bRdyRPreiciRMtbeYEWWFT9ZCs8AJGEmFG40nbeZbTRi2txrVvezisLQyUZBOXixO/7vjVJxzQX6FCpG6mogW9q17zIx2pAaeR28fHzoeXVP/PLI8ej7qSlmf724Ir5nrL11Gs/Xvf2pIHEHQXag/MXj8NZT6LudFjdJVfNukslvrtOaU5h35ff50IRejb+HXToyY9QrTfh08cKDcuCpwpUq1MA7u3xKNhSJY+qEQfyAyXCA/CqMK2CjnwDBlniD2jtQvaqsItqfm0eb89y8j0hblOQDo1Xl6DnosYoVESsnqRAKJqyivZOQafv4wDAra/i4404/APxcmBAx2YQM4NEXASAoR7XzTiJNiFsetaVe+DNIHZJgXb0+MD0PtCrE7W+0zz78tT03scUqiX95BU9oJAnGBnT4xeE2AvshVOCO+k1OjuSp/lGFy9nlgv2B+6zHWvXuXbnsFEoNu5m2WNv7S2dOmtF02X059IuHHbuZmN9WkY6F5OtiFLhYQ0FHqvnUgpyvJG2JyH0sYuxSACLffSR8kxZXo1giMCi7tAHi6AbNgl5mmCD989rJRMaOadrjf4ixT1ryB+h3i21s+UXulkMfy5kjTgB9aZgpyP/F0j5LLTDfc8Dg+cA6h3a20lmnmADl/pZpyhBOeLBvpwHmxtVic/eqBv3ii4zWynZlbW5ITtWAkTc84Wt9Jz83VyvQO7t0OPgcVZaJqXmWjtdkpE9TOGewK2OMV0tGMqT8inbs5+X5PrzJ3JLiAyIh5wPuKLeFJHTB544Ifeu9TVC0VYTgnFj+ULBeGR0KhTgy7oUE+teexfE5HHI25pzH+J7sKaalmOx44OKFX3Z9wZ8DY3gXg4YNAOol2VoTvfohuVxO6hXY3l8EfUOgEUD9ZIsjU4wLdBketeY98gBCxXzuntMT8S8P5TpKVjjL9meS0D/qbLJIV4V2HhXs/8BjbfVOsLFpPsAAAAASUVORK5CYII=",https://www.blibli.com/brand/logitech?page=4&start=144&intent=false&brandName=logitech
Logitech R400 Laser Pointer,https://www.blibli.com/p/logitech-r400-laser-pointer/pc--MTA-0178811?ds=DIC-60045-00172-00001,"data:image/png;base64,iVBORw0KGgoAAAANSUhEUgAAADcAAAA3CAMAAACfBSJ0AAABHVBMVEUAAADd3d3d3d3d3d3f39/e3t7e3t7e3t7f39/f39/e3t7g4ODg4ODk5OTd3d3d3d3f39/h4eHd3d3e3t7e3t7e3t7e3t7f39/e3t7e3t7e3t7f39/e3t7e3t7f39/f39/f39/h4eHj4+Pr6+vj4+Pj4+Pe3t7d3d3f39/h4eHf39/d3d3e3t7f39/f39/f39/g4ODp6ene3t7h4eHf39/f4ODe3t7f4ODf3t7d3d3e3t7n5+fg4ODg4ODk5OTu7u7f39/h4eHi4eHq6ure3t7h4eHi4+Pm5ubn5+fe3t7m5ube3t7n5+fl5eXx8fH19fXj4+Pe3t7g4ODk5OTl5OTe3t7j4+Pf39/j4+Pk5OTl5eXt7e3r6+vd3d3b29vltBjNAAAAXXRSTlMA7PfyI8S5s6d8aicRBOHelCv779TPVDn0v6udml5OS0IvIBQHAunmiGVE+dzHraNGQEA8Nh/XzIV3blxbV0stHRgNCdG7sI+FenJyZ0Y3IRv32rmWjYuB3Zt/YE3ndXhZAAADF0lEQVRIx5WW13biMBBAZWOMMcU2vZdAaIEEQmihLSG992wb/f9nrFuAPWcchfsAGkYXSTPIB+KEkMtwrxdkW5a9YUa+msuj7bRdyRPreiciRMtbeYEWWFT9ZCs8AJGEmFG40nbeZbTRi2txrVvezisLQyUZBOXixO/7vjVJxzQX6FCpG6mogW9q17zIx2pAaeR28fHzoeXVP/PLI8ej7qSlmf724Ir5nrL11Gs/Xvf2pIHEHQXag/MXj8NZT6LudFjdJVfNukslvrtOaU5h35ff50IRejb+HXToyY9QrTfh08cKDcuCpwpUq1MA7u3xKNhSJY+qEQfyAyXCA/CqMK2CjnwDBlniD2jtQvaqsItqfm0eb89y8j0hblOQDo1Xl6DnosYoVESsnqRAKJqyivZOQafv4wDAra/i4404/APxcmBAx2YQM4NEXASAoR7XzTiJNiFsetaVe+DNIHZJgXb0+MD0PtCrE7W+0zz78tT03scUqiX95BU9oJAnGBnT4xeE2AvshVOCO+k1OjuSp/lGFy9nlgv2B+6zHWvXuXbnsFEoNu5m2WNv7S2dOmtF02X059IuHHbuZmN9WkY6F5OtiFLhYQ0FHqvnUgpyvJG2JyH0sYuxSACLffSR8kxZXo1giMCi7tAHi6AbNgl5mmCD989rJRMaOadrjf4ixT1ryB+h3i21s+UXulkMfy5kjTgB9aZgpyP/F0j5LLTDfc8Dg+cA6h3a20lmnmADl/pZpyhBOeLBvpwHmxtVic/eqBv3ii4zWynZlbW5ITtWAkTc84Wt9Jz83VyvQO7t0OPgcVZaJqXmWjtdkpE9TOGewK2OMV0tGMqT8inbs5+X5PrzJ3JLiAyIh5wPuKLeFJHTB544Ifeu9TVC0VYTgnFj+ULBeGR0KhTgy7oUE+teexfE5HHI25pzH+J7sKaalmOx44OKFX3Z9wZ8DY3gXg4YNAOol2VoTvfohuVxO6hXY3l8EfUOgEUD9ZIsjU4wLdBketeY98gBCxXzuntMT8S8P5TpKVjjL9meS0D/qbLJIV4V2HhXs/8BjbfVOsLFpPsAAAAASUVORK5CYII=",https://www.blibli.com/brand/logitech?page=4&start=144&intent=false&brandName=logitech
Logitech M171 Red Wireless Mouse,https://www.blibli.com/p/logitech-m171-red-wireless-mouse/pc--MTA-0127669?ds=HEC-27670-00094-00001,"data:image/png;base64,iVBORw0KGgoAAAANSUhEUgAAADcAAAA3CAMAAACfBSJ0AAABHVBMVEUAAADd3d3d3d3d3d3f39/e3t7e3t7e3t7f39/f39/e3t7g4ODg4ODk5OTd3d3d3d3f39/h4eHd3d3e3t7e3t7e3t7e3t7f39/e3t7e3t7e3t7f39/e3t7e3t7f39/f39/f39/h4eHj4+Pr6+vj4+Pj4+Pe3t7d3d3f39/h4eHf39/d3d3e3t7f39/f39/f39/g4ODp6ene3t7h4eHf39/f4ODe3t7f4ODf3t7d3d3e3t7n5+fg4ODg4ODk5OTu7u7f39/h4eHi4eHq6ure3t7h4eHi4+Pm5ubn5+fe3t7m5ube3t7n5+fl5eXx8fH19fXj4+Pe3t7g4ODk5OTl5OTe3t7j4+Pf39/j4+Pk5OTl5eXt7e3r6+vd3d3b29vltBjNAAAAXXRSTlMA7PfyI8S5s6d8aicRBOHelCv779TPVDn0v6udml5OS0IvIBQHAunmiGVE+dzHraNGQEA8Nh/XzIV3blxbV0stHRgNCdG7sI+FenJyZ0Y3IRv32rmWjYuB3Zt/YE3ndXhZAAADF0lEQVRIx5WW13biMBBAZWOMMcU2vZdAaIEEQmihLSG992wb/f9nrFuAPWcchfsAGkYXSTPIB+KEkMtwrxdkW5a9YUa+msuj7bRdyRPreiciRMtbeYEWWFT9ZCs8AJGEmFG40nbeZbTRi2txrVvezisLQyUZBOXixO/7vjVJxzQX6FCpG6mogW9q17zIx2pAaeR28fHzoeXVP/PLI8ej7qSlmf724Ir5nrL11Gs/Xvf2pIHEHQXag/MXj8NZT6LudFjdJVfNukslvrtOaU5h35ff50IRejb+HXToyY9QrTfh08cKDcuCpwpUq1MA7u3xKNhSJY+qEQfyAyXCA/CqMK2CjnwDBlniD2jtQvaqsItqfm0eb89y8j0hblOQDo1Xl6DnosYoVESsnqRAKJqyivZOQafv4wDAra/i4404/APxcmBAx2YQM4NEXASAoR7XzTiJNiFsetaVe+DNIHZJgXb0+MD0PtCrE7W+0zz78tT03scUqiX95BU9oJAnGBnT4xeE2AvshVOCO+k1OjuSp/lGFy9nlgv2B+6zHWvXuXbnsFEoNu5m2WNv7S2dOmtF02X059IuHHbuZmN9WkY6F5OtiFLhYQ0FHqvnUgpyvJG2JyH0sYuxSACLffSR8kxZXo1giMCi7tAHi6AbNgl5mmCD989rJRMaOadrjf4ixT1ryB+h3i21s+UXulkMfy5kjTgB9aZgpyP/F0j5LLTDfc8Dg+cA6h3a20lmnmADl/pZpyhBOeLBvpwHmxtVic/eqBv3ii4zWynZlbW5ITtWAkTc84Wt9Jz83VyvQO7t0OPgcVZaJqXmWjtdkpE9TOGewK2OMV0tGMqT8inbs5+X5PrzJ3JLiAyIh5wPuKLeFJHTB544Ifeu9TVC0VYTgnFj+ULBeGR0KhTgy7oUE+teexfE5HHI25pzH+J7sKaalmOx44OKFX3Z9wZ8DY3gXg4YNAOol2VoTvfohuVxO6hXY3l8EfUOgEUD9ZIsjU4wLdBketeY98gBCxXzuntMT8S8P5TpKVjjL9meS0D/qbLJIV4V2HhXs/8BjbfVOsLFpPsAAAAASUVORK5CYII=",https://www.blibli.com/brand/logitech?page=4&start=144&intent=false&brandName=logitech
Logitech MK120 Combo Keyboard & Mouse,https://www.blibli.com/p/logitech-mk120-combo-keyboard-mouse/ps--KAC-27749-00098?ds=KAC-27749-00098-00001,"data:image/png;base64,iVBORw0KGgoAAAANSUhEUgAAADcAAAA3CAMAAACfBSJ0AAABHVBMVEUAAADd3d3d3d3d3d3f39/e3t7e3t7e3t7f39/f39/e3t7g4ODg4ODk5OTd3d3d3d3f39/h4eHd3d3e3t7e3t7e3t7e3t7f39/e3t7e3t7e3t7f39/e3t7e3t7f39/f39/f39/h4eHj4+Pr6+vj4+Pj4+Pe3t7d3d3f39/h4eHf39/d3d3e3t7f39/f39/f39/g4ODp6ene3t7h4eHf39/f4ODe3t7f4ODf3t7d3d3e3t7n5+fg4ODg4ODk5OTu7u7f39/h4eHi4eHq6ure3t7h4eHi4+Pm5ubn5+fe3t7m5ube3t7n5+fl5eXx8fH19fXj4+Pe3t7g4ODk5OTl5OTe3t7j4+Pf39/j4+Pk5OTl5eXt7e3r6+vd3d3b29vltBjNAAAAXXRSTlMA7PfyI8S5s6d8aicRBOHelCv779TPVDn0v6udml5OS0IvIBQHAunmiGVE+dzHraNGQEA8Nh/XzIV3blxbV0stHRgNCdG7sI+FenJyZ0Y3IRv32rmWjYuB3Zt/YE3ndXhZAAADF0lEQVRIx5WW13biMBBAZWOMMcU2vZdAaIEEQmihLSG992wb/f9nrFuAPWcchfsAGkYXSTPIB+KEkMtwrxdkW5a9YUa+msuj7bRdyRPreiciRMtbeYEWWFT9ZCs8AJGEmFG40nbeZbTRi2txrVvezisLQyUZBOXixO/7vjVJxzQX6FCpG6mogW9q17zIx2pAaeR28fHzoeXVP/PLI8ej7qSlmf724Ir5nrL11Gs/Xvf2pIHEHQXag/MXj8NZT6LudFjdJVfNukslvrtOaU5h35ff50IRejb+HXToyY9QrTfh08cKDcuCpwpUq1MA7u3xKNhSJY+qEQfyAyXCA/CqMK2CjnwDBlniD2jtQvaqsItqfm0eb89y8j0hblOQDo1Xl6DnosYoVESsnqRAKJqyivZOQafv4wDAra/i4404/APxcmBAx2YQM4NEXASAoR7XzTiJNiFsetaVe+DNIHZJgXb0+MD0PtCrE7W+0zz78tT03scUqiX95BU9oJAnGBnT4xeE2AvshVOCO+k1OjuSp/lGFy9nlgv2B+6zHWvXuXbnsFEoNu5m2WNv7S2dOmtF02X059IuHHbuZmN9WkY6F5OtiFLhYQ0FHqvnUgpyvJG2JyH0sYuxSACLffSR8kxZXo1giMCi7tAHi6AbNgl5mmCD989rJRMaOadrjf4ixT1ryB+h3i21s+UXulkMfy5kjTgB9aZgpyP/F0j5LLTDfc8Dg+cA6h3a20lmnmADl/pZpyhBOeLBvpwHmxtVic/eqBv3ii4zWynZlbW5ITtWAkTc84Wt9Jz83VyvQO7t0OPgcVZaJqXmWjtdkpE9TOGewK2OMV0tGMqT8inbs5+X5PrzJ3JLiAyIh5wPuKLeFJHTB544Ifeu9TVC0VYTgnFj+ULBeGR0KhTgy7oUE+teexfE5HHI25pzH+J7sKaalmOx44OKFX3Z9wZ8DY3gXg4YNAOol2VoTvfohuVxO6hXY3l8EfUOgEUD9ZIsjU4wLdBketeY98gBCxXzuntMT8S8P5TpKVjjL9meS0D/qbLJIV4V2HhXs/8BjbfVOsLFpPsAAAAASUVORK5CYII=",https://www.blibli.com/brand/logitech?page=4&start=144&intent=false&brandName=logitech
Logitech - G402 Hyperion Fury Ultra-Fast FPS Gaming ...,https://www.blibli.com/p/logitech-g402-hyperion-fury-ultra-fast-fps-gaming-mouse-910-004070-black/pc--MTA-0015457?ds=DET-24575-00013-00001,"data:image/png;base64,iVBORw0KGgoAAAANSUhEUgAAADcAAAA3CAMAAACfBSJ0AAABHVBMVEUAAADd3d3d3d3d3d3f39/e3t7e3t7e3t7f39/f39/e3t7g4ODg4ODk5OTd3d3d3d3f39/h4eHd3d3e3t7e3t7e3t7e3t7f39/e3t7e3t7e3t7f39/e3t7e3t7f39/f39/f39/h4eHj4+Pr6+vj4+Pj4+Pe3t7d3d3f39/h4eHf39/d3d3e3t7f39/f39/f39/g4ODp6ene3t7h4eHf39/f4ODe3t7f4ODf3t7d3d3e3t7n5+fg4ODg4ODk5OTu7u7f39/h4eHi4eHq6ure3t7h4eHi4+Pm5ubn5+fe3t7m5ube3t7n5+fl5eXx8fH19fXj4+Pe3t7g4ODk5OTl5OTe3t7j4+Pf39/j4+Pk5OTl5eXt7e3r6+vd3d3b29vltBjNAAAAXXRSTlMA7PfyI8S5s6d8aicRBOHelCv779TPVDn0v6udml5OS0IvIBQHAunmiGVE+dzHraNGQEA8Nh/XzIV3blxbV0stHRgNCdG7sI+FenJyZ0Y3IRv32rmWjYuB3Zt/YE3ndXhZAAADF0lEQVRIx5WW13biMBBAZWOMMcU2vZdAaIEEQmihLSG992wb/f9nrFuAPWcchfsAGkYXSTPIB+KEkMtwrxdkW5a9YUa+msuj7bRdyRPreiciRMtbeYEWWFT9ZCs8AJGEmFG40nbeZbTRi2txrVvezisLQyUZBOXixO/7vjVJxzQX6FCpG6mogW9q17zIx2pAaeR28fHzoeXVP/PLI8ej7qSlmf724Ir5nrL11Gs/Xvf2pIHEHQXag/MXj8NZT6LudFjdJVfNukslvrtOaU5h35ff50IRejb+HXToyY9QrTfh08cKDcuCpwpUq1MA7u3xKNhSJY+qEQfyAyXCA/CqMK2CjnwDBlniD2jtQvaqsItqfm0eb89y8j0hblOQDo1Xl6DnosYoVESsnqRAKJqyivZOQafv4wDAra/i4404/APxcmBAx2YQM4NEXASAoR7XzTiJNiFsetaVe+DNIHZJgXb0+MD0PtCrE7W+0zz78tT03scUqiX95BU9oJAnGBnT4xeE2AvshVOCO+k1OjuSp/lGFy9nlgv2B+6zHWvXuXbnsFEoNu5m2WNv7S2dOmtF02X059IuHHbuZmN9WkY6F5OtiFLhYQ0FHqvnUgpyvJG2JyH0sYuxSACLffSR8kxZXo1giMCi7tAHi6AbNgl5mmCD989rJRMaOadrjf4ixT1ryB+h3i21s+UXulkMfy5kjTgB9aZgpyP/F0j5LLTDfc8Dg+cA6h3a20lmnmADl/pZpyhBOeLBvpwHmxtVic/eqBv3ii4zWynZlbW5ITtWAkTc84Wt9Jz83VyvQO7t0OPgcVZaJqXmWjtdkpE9TOGewK2OMV0tGMqT8inbs5+X5PrzJ3JLiAyIh5wPuKLeFJHTB544Ifeu9TVC0VYTgnFj+ULBeGR0KhTgy7oUE+teexfE5HHI25pzH+J7sKaalmOx44OKFX3Z9wZ8DY3gXg4YNAOol2VoTvfohuVxO6hXY3l8EfUOgEUD9ZIsjU4wLdBketeY98gBCxXzuntMT8S8P5TpKVjjL9meS0D/qbLJIV4V2HhXs/8BjbfVOsLFpPsAAAAASUVORK5CYII=",https://www.blibli.com/brand/logitech?page=4&start=144&intent=false&brandName=logitech
Logitech - M105 Wired Optical Mouse White,https://www.blibli.com/p/logitech-m105-wired-optical-mouse-white/pc--MTA-0261125?ds=PEA-23922-00251-00001,"data:image/png;base64,iVBORw0KGgoAAAANSUhEUgAAADcAAAA3CAMAAACfBSJ0AAABHVBMVEUAAADd3d3d3d3d3d3f39/e3t7e3t7e3t7f39/f39/e3t7g4ODg4ODk5OTd3d3d3d3f39/h4eHd3d3e3t7e3t7e3t7e3t7f39/e3t7e3t7e3t7f39/e3t7e3t7f39/f39/f39/h4eHj4+Pr6+vj4+Pj4+Pe3t7d3d3f39/h4eHf39/d3d3e3t7f39/f39/f39/g4ODp6ene3t7h4eHf39/f4ODe3t7f4ODf3t7d3d3e3t7n5+fg4ODg4ODk5OTu7u7f39/h4eHi4eHq6ure3t7h4eHi4+Pm5ubn5+fe3t7m5ube3t7n5+fl5eXx8fH19fXj4+Pe3t7g4ODk5OTl5OTe3t7j4+Pf39/j4+Pk5OTl5eXt7e3r6+vd3d3b29vltBjNAAAAXXRSTlMA7PfyI8S5s6d8aicRBOHelCv779TPVDn0v6udml5OS0IvIBQHAunmiGVE+dzHraNGQEA8Nh/XzIV3blxbV0stHRgNCdG7sI+FenJyZ0Y3IRv32rmWjYuB3Zt/YE3ndXhZAAADF0lEQVRIx5WW13biMBBAZWOMMcU2vZdAaIEEQmihLSG992wb/f9nrFuAPWcchfsAGkYXSTPIB+KEkMtwrxdkW5a9YUa+msuj7bRdyRPreiciRMtbeYEWWFT9ZCs8AJGEmFG40nbeZbTRi2txrVvezisLQyUZBOXixO/7vjVJxzQX6FCpG6mogW9q17zIx2pAaeR28fHzoeXVP/PLI8ej7qSlmf724Ir5nrL11Gs/Xvf2pIHEHQXag/MXj8NZT6LudFjdJVfNukslvrtOaU5h35ff50IRejb+HXToyY9QrTfh08cKDcuCpwpUq1MA7u3xKNhSJY+qEQfyAyXCA/CqMK2CjnwDBlniD2jtQvaqsItqfm0eb89y8j0hblOQDo1Xl6DnosYoVESsnqRAKJqyivZOQafv4wDAra/i4404/APxcmBAx2YQM4NEXASAoR7XzTiJNiFsetaVe+DNIHZJgXb0+MD0PtCrE7W+0zz78tT03scUqiX95BU9oJAnGBnT4xeE2AvshVOCO+k1OjuSp/lGFy9nlgv2B+6zHWvXuXbnsFEoNu5m2WNv7S2dOmtF02X059IuHHbuZmN9WkY6F5OtiFLhYQ0FHqvnUgpyvJG2JyH0sYuxSACLffSR8kxZXo1giMCi7tAHi6AbNgl5mmCD989rJRMaOadrjf4ixT1ryB+h3i21s+UXulkMfy5kjTgB9aZgpyP/F0j5LLTDfc8Dg+cA6h3a20lmnmADl/pZpyhBOeLBvpwHmxtVic/eqBv3ii4zWynZlbW5ITtWAkTc84Wt9Jz83VyvQO7t0OPgcVZaJqXmWjtdkpE9TOGewK2OMV0tGMqT8inbs5+X5PrzJ3JLiAyIh5wPuKLeFJHTB544Ifeu9TVC0VYTgnFj+ULBeGR0KhTgy7oUE+teexfE5HHI25pzH+J7sKaalmOx44OKFX3Z9wZ8DY3gXg4YNAOol2VoTvfohuVxO6hXY3l8EfUOgEUD9ZIsjU4wLdBketeY98gBCxXzuntMT8S8P5TpKVjjL9meS0D/qbLJIV4V2HhXs/8BjbfVOsLFpPsAAAAASUVORK5CYII=",https://www.blibli.com/brand/logitech?page=4&start=144&intent=false&brandName=logitech
Logitech M171 Grey Wireless Mouse,https://www.blibli.com/p/logitech-m171-grey-wireless-mouse/pc--MTA-0127666?ds=HEC-27670-00092-00001,"data:image/png;base64,iVBORw0KGgoAAAANSUhEUgAAADcAAAA3CAMAAACfBSJ0AAABHVBMVEUAAADd3d3d3d3d3d3f39/e3t7e3t7e3t7f39/f39/e3t7g4ODg4ODk5OTd3d3d3d3f39/h4eHd3d3e3t7e3t7e3t7e3t7f39/e3t7e3t7e3t7f39/e3t7e3t7f39/f39/f39/h4eHj4+Pr6+vj4+Pj4+Pe3t7d3d3f39/h4eHf39/d3d3e3t7f39/f39/f39/g4ODp6ene3t7h4eHf39/f4ODe3t7f4ODf3t7d3d3e3t7n5+fg4ODg4ODk5OTu7u7f39/h4eHi4eHq6ure3t7h4eHi4+Pm5ubn5+fe3t7m5ube3t7n5+fl5eXx8fH19fXj4+Pe3t7g4ODk5OTl5OTe3t7j4+Pf39/j4+Pk5OTl5eXt7e3r6+vd3d3b29vltBjNAAAAXXRSTlMA7PfyI8S5s6d8aicRBOHelCv779TPVDn0v6udml5OS0IvIBQHAunmiGVE+dzHraNGQEA8Nh/XzIV3blxbV0stHRgNCdG7sI+FenJyZ0Y3IRv32rmWjYuB3Zt/YE3ndXhZAAADF0lEQVRIx5WW13biMBBAZWOMMcU2vZdAaIEEQmihLSG992wb/f9nrFuAPWcchfsAGkYXSTPIB+KEkMtwrxdkW5a9YUa+msuj7bRdyRPreiciRMtbeYEWWFT9ZCs8AJGEmFG40nbeZbTRi2txrVvezisLQyUZBOXixO/7vjVJxzQX6FCpG6mogW9q17zIx2pAaeR28fHzoeXVP/PLI8ej7qSlmf724Ir5nrL11Gs/Xvf2pIHEHQXag/MXj8NZT6LudFjdJVfNukslvrtOaU5h35ff50IRejb+HXToyY9QrTfh08cKDcuCpwpUq1MA7u3xKNhSJY+qEQfyAyXCA/CqMK2CjnwDBlniD2jtQvaqsItqfm0eb89y8j0hblOQDo1Xl6DnosYoVESsnqRAKJqyivZOQafv4wDAra/i4404/APxcmBAx2YQM4NEXASAoR7XzTiJNiFsetaVe+DNIHZJgXb0+MD0PtCrE7W+0zz78tT03scUqiX95BU9oJAnGBnT4xeE2AvshVOCO+k1OjuSp/lGFy9nlgv2B+6zHWvXuXbnsFEoNu5m2WNv7S2dOmtF02X059IuHHbuZmN9WkY6F5OtiFLhYQ0FHqvnUgpyvJG2JyH0sYuxSACLffSR8kxZXo1giMCi7tAHi6AbNgl5mmCD989rJRMaOadrjf4ixT1ryB+h3i21s+UXulkMfy5kjTgB9aZgpyP/F0j5LLTDfc8Dg+cA6h3a20lmnmADl/pZpyhBOeLBvpwHmxtVic/eqBv3ii4zWynZlbW5ITtWAkTc84Wt9Jz83VyvQO7t0OPgcVZaJqXmWjtdkpE9TOGewK2OMV0tGMqT8inbs5+X5PrzJ3JLiAyIh5wPuKLeFJHTB544Ifeu9TVC0VYTgnFj+ULBeGR0KhTgy7oUE+teexfE5HHI25pzH+J7sKaalmOx44OKFX3Z9wZ8DY3gXg4YNAOol2VoTvfohuVxO6hXY3l8EfUOgEUD9ZIsjU4wLdBketeY98gBCxXzuntMT8S8P5TpKVjjL9meS0D/qbLJIV4V2HhXs/8BjbfVOsLFpPsAAAAASUVORK5CYII=",https://www.blibli.com/brand/logitech?page=4&start=144&intent=false&brandName=logitech
Logitech M331 Silent Plus Wireless Mouse - Black,https://www.blibli.com/p/logitech-m331-silent-plus-wireless-mouse-black/pc--MTA-0856184?ds=STC-28313-00348-00001,"data:image/png;base64,iVBORw0KGgoAAAANSUhEUgAAADcAAAA3CAMAAACfBSJ0AAABHVBMVEUAAADd3d3d3d3d3d3f39/e3t7e3t7e3t7f39/f39/e3t7g4ODg4ODk5OTd3d3d3d3f39/h4eHd3d3e3t7e3t7e3t7e3t7f39/e3t7e3t7e3t7f39/e3t7e3t7f39/f39/f39/h4eHj4+Pr6+vj4+Pj4+Pe3t7d3d3f39/h4eHf39/d3d3e3t7f39/f39/f39/g4ODp6ene3t7h4eHf39/f4ODe3t7f4ODf3t7d3d3e3t7n5+fg4ODg4ODk5OTu7u7f39/h4eHi4eHq6ure3t7h4eHi4+Pm5ubn5+fe3t7m5ube3t7n5+fl5eXx8fH19fXj4+Pe3t7g4ODk5OTl5OTe3t7j4+Pf39/j4+Pk5OTl5eXt7e3r6+vd3d3b29vltBjNAAAAXXRSTlMA7PfyI8S5s6d8aicRBOHelCv779TPVDn0v6udml5OS0IvIBQHAunmiGVE+dzHraNGQEA8Nh/XzIV3blxbV0stHRgNCdG7sI+FenJyZ0Y3IRv32rmWjYuB3Zt/YE3ndXhZAAADF0lEQVRIx5WW13biMBBAZWOMMcU2vZdAaIEEQmihLSG992wb/f9nrFuAPWcchfsAGkYXSTPIB+KEkMtwrxdkW5a9YUa+msuj7bRdyRPreiciRMtbeYEWWFT9ZCs8AJGEmFG40nbeZbTRi2txrVvezisLQyUZBOXixO/7vjVJxzQX6FCpG6mogW9q17zIx2pAaeR28fHzoeXVP/PLI8ej7qSlmf724Ir5nrL11Gs/Xvf2pIHEHQXag/MXj8NZT6LudFjdJVfNukslvrtOaU5h35ff50IRejb+HXToyY9QrTfh08cKDcuCpwpUq1MA7u3xKNhSJY+qEQfyAyXCA/CqMK2CjnwDBlniD2jtQvaqsItqfm0eb89y8j0hblOQDo1Xl6DnosYoVESsnqRAKJqyivZOQafv4wDAra/i4404/APxcmBAx2YQM4NEXASAoR7XzTiJNiFsetaVe+DNIHZJgXb0+MD0PtCrE7W+0zz78tT03scUqiX95BU9oJAnGBnT4xeE2AvshVOCO+k1OjuSp/lGFy9nlgv2B+6zHWvXuXbnsFEoNu5m2WNv7S2dOmtF02X059IuHHbuZmN9WkY6F5OtiFLhYQ0FHqvnUgpyvJG2JyH0sYuxSACLffSR8kxZXo1giMCi7tAHi6AbNgl5mmCD989rJRMaOadrjf4ixT1ryB+h3i21s+UXulkMfy5kjTgB9aZgpyP/F0j5LLTDfc8Dg+cA6h3a20lmnmADl/pZpyhBOeLBvpwHmxtVic/eqBv3ii4zWynZlbW5ITtWAkTc84Wt9Jz83VyvQO7t0OPgcVZaJqXmWjtdkpE9TOGewK2OMV0tGMqT8inbs5+X5PrzJ3JLiAyIh5wPuKLeFJHTB544Ifeu9TVC0VYTgnFj+ULBeGR0KhTgy7oUE+teexfE5HHI25pzH+J7sKaalmOx44OKFX3Z9wZ8DY3gXg4YNAOol2VoTvfohuVxO6hXY3l8EfUOgEUD9ZIsjU4wLdBketeY98gBCxXzuntMT8S8P5TpKVjjL9meS0D/qbLJIV4V2HhXs/8BjbfVOsLFpPsAAAAASUVORK5CYII=",https://www.blibli.com/brand/logitech?page=4&start=144&intent=false&brandName=logitech
Logitech B100 USB Mouse,https://www.blibli.com/p/logitech-b100-usb-mouse/pc--MTA-0731414?ds=PAM-27348-00277-00001,"data:image/png;base64,iVBORw0KGgoAAAANSUhEUgAAADcAAAA3CAMAAACfBSJ0AAABHVBMVEUAAADd3d3d3d3d3d3f39/e3t7e3t7e3t7f39/f39/e3t7g4ODg4ODk5OTd3d3d3d3f39/h4eHd3d3e3t7e3t7e3t7e3t7f39/e3t7e3t7e3t7f39/e3t7e3t7f39/f39/f39/h4eHj4+Pr6+vj4+Pj4+Pe3t7d3d3f39/h4eHf39/d3d3e3t7f39/f39/f39/g4ODp6ene3t7h4eHf39/f4ODe3t7f4ODf3t7d3d3e3t7n5+fg4ODg4ODk5OTu7u7f39/h4eHi4eHq6ure3t7h4eHi4+Pm5ubn5+fe3t7m5ube3t7n5+fl5eXx8fH19fXj4+Pe3t7g4ODk5OTl5OTe3t7j4+Pf39/j4+Pk5OTl5eXt7e3r6+vd3d3b29vltBjNAAAAXXRSTlMA7PfyI8S5s6d8aicRBOHelCv779TPVDn0v6udml5OS0IvIBQHAunmiGVE+dzHraNGQEA8Nh/XzIV3blxbV0stHRgNCdG7sI+FenJyZ0Y3IRv32rmWjYuB3Zt/YE3ndXhZAAADF0lEQVRIx5WW13biMBBAZWOMMcU2vZdAaIEEQmihLSG992wb/f9nrFuAPWcchfsAGkYXSTPIB+KEkMtwrxdkW5a9YUa+msuj7bRdyRPreiciRMtbeYEWWFT9ZCs8AJGEmFG40nbeZbTRi2txrVvezisLQyUZBOXixO/7vjVJxzQX6FCpG6mogW9q17zIx2pAaeR28fHzoeXVP/PLI8ej7qSlmf724Ir5nrL11Gs/Xvf2pIHEHQXag/MXj8NZT6LudFjdJVfNukslvrtOaU5h35ff50IRejb+HXToyY9QrTfh08cKDcuCpwpUq1MA7u3xKNhSJY+qEQfyAyXCA/CqMK2CjnwDBlniD2jtQvaqsItqfm0eb89y8j0hblOQDo1Xl6DnosYoVESsnqRAKJqyivZOQafv4wDAra/i4404/APxcmBAx2YQM4NEXASAoR7XzTiJNiFsetaVe+DNIHZJgXb0+MD0PtCrE7W+0zz78tT03scUqiX95BU9oJAnGBnT4xeE2AvshVOCO+k1OjuSp/lGFy9nlgv2B+6zHWvXuXbnsFEoNu5m2WNv7S2dOmtF02X059IuHHbuZmN9WkY6F5OtiFLhYQ0FHqvnUgpyvJG2JyH0sYuxSACLffSR8kxZXo1giMCi7tAHi6AbNgl5mmCD989rJRMaOadrjf4ixT1ryB+h3i21s+UXulkMfy5kjTgB9aZgpyP/F0j5LLTDfc8Dg+cA6h3a20lmnmADl/pZpyhBOeLBvpwHmxtVic/eqBv3ii4zWynZlbW5ITtWAkTc84Wt9Jz83VyvQO7t0OPgcVZaJqXmWjtdkpE9TOGewK2OMV0tGMqT8inbs5+X5PrzJ3JLiAyIh5wPuKLeFJHTB544Ifeu9TVC0VYTgnFj+ULBeGR0KhTgy7oUE+teexfE5HHI25pzH+J7sKaalmOx44OKFX3Z9wZ8DY3gXg4YNAOol2VoTvfohuVxO6hXY3l8EfUOgEUD9ZIsjU4wLdBketeY98gBCxXzuntMT8S8P5TpKVjjL9meS0D/qbLJIV4V2HhXs/8BjbfVOsLFpPsAAAAASUVORK5CYII=",https://www.static-src.com/wcsstore/Indraprastha/images/catalog/thumbnail//660/logitech_logitech-b100-usb-mouse_full02.jpg
Logitech - H151 Stereo Headset with Noise-Canceling ...,https://www.blibli.com/p/logitech-h151-stereo-headset-with-noise-canceling-mic-981-000587/pc--MTA-0469020?ds=GOC-32056-00068-00001,"data:image/png;base64,iVBORw0KGgoAAAANSUhEUgAAADcAAAA3CAMAAACfBSJ0AAABHVBMVEUAAADd3d3d3d3d3d3f39/e3t7e3t7e3t7f39/f39/e3t7g4ODg4ODk5OTd3d3d3d3f39/h4eHd3d3e3t7e3t7e3t7e3t7f39/e3t7e3t7e3t7f39/e3t7e3t7f39/f39/f39/h4eHj4+Pr6+vj4+Pj4+Pe3t7d3d3f39/h4eHf39/d3d3e3t7f39/f39/f39/g4ODp6ene3t7h4eHf39/f4ODe3t7f4ODf3t7d3d3e3t7n5+fg4ODg4ODk5OTu7u7f39/h4eHi4eHq6ure3t7h4eHi4+Pm5ubn5+fe3t7m5ube3t7n5+fl5eXx8fH19fXj4+Pe3t7g4ODk5OTl5OTe3t7j4+Pf39/j4+Pk5OTl5eXt7e3r6+vd3d3b29vltBjNAAAAXXRSTlMA7PfyI8S5s6d8aicRBOHelCv779TPVDn0v6udml5OS0IvIBQHAunmiGVE+dzHraNGQEA8Nh/XzIV3blxbV0stHRgNCdG7sI+FenJyZ0Y3IRv32rmWjYuB3Zt/YE3ndXhZAAADF0lEQVRIx5WW13biMBBAZWOMMcU2vZdAaIEEQmihLSG992wb/f9nrFuAPWcchfsAGkYXSTPIB+KEkMtwrxdkW5a9YUa+msuj7bRdyRPreiciRMtbeYEWWFT9ZCs8AJGEmFG40nbeZbTRi2txrVvezisLQyUZBOXixO/7vjVJxzQX6FCpG6mogW9q17zIx2pAaeR28fHzoeXVP/PLI8ej7qSlmf724Ir5nrL11Gs/Xvf2pIHEHQXag/MXj8NZT6LudFjdJVfNukslvrtOaU5h35ff50IRejb+HXToyY9QrTfh08cKDcuCpwpUq1MA7u3xKNhSJY+qEQfyAyXCA/CqMK2CjnwDBlniD2jtQvaqsItqfm0eb89y8j0hblOQDo1Xl6DnosYoVESsnqRAKJqyivZOQafv4wDAra/i4404/APxcmBAx2YQM4NEXASAoR7XzTiJNiFsetaVe+DNIHZJgXb0+MD0PtCrE7W+0zz78tT03scUqiX95BU9oJAnGBnT4xeE2AvshVOCO+k1OjuSp/lGFy9nlgv2B+6zHWvXuXbnsFEoNu5m2WNv7S2dOmtF02X059IuHHbuZmN9WkY6F5OtiFLhYQ0FHqvnUgpyvJG2JyH0sYuxSACLffSR8kxZXo1giMCi7tAHi6AbNgl5mmCD989rJRMaOadrjf4ixT1ryB+h3i21s+UXulkMfy5kjTgB9aZgpyP/F0j5LLTDfc8Dg+cA6h3a20lmnmADl/pZpyhBOeLBvpwHmxtVic/eqBv3ii4zWynZlbW5ITtWAkTc84Wt9Jz83VyvQO7t0OPgcVZaJqXmWjtdkpE9TOGewK2OMV0tGMqT8inbs5+X5PrzJ3JLiAyIh5wPuKLeFJHTB544Ifeu9TVC0VYTgnFj+ULBeGR0KhTgy7oUE+teexfE5HHI25pzH+J7sKaalmOx44OKFX3Z9wZ8DY3gXg4YNAOol2VoTvfohuVxO6hXY3l8EfUOgEUD9ZIsjU4wLdBketeY98gBCxXzuntMT8S8P5TpKVjjL9meS0D/qbLJIV4V2HhXs/8BjbfVOsLFpPsAAAAASUVORK5CYII=",https://www.static-src.com/wcsstore/Indraprastha/images/catalog/thumbnail//748/logitech_logitech-stereo-headset-h151-_full05.jpg
Logitech MK270R Wireless Keyboard and Mouse,https://www.blibli.com/p/logitech-mk270r-wireless-keyboard-and-mouse/pc--MTA-0677275?ds=DBS-60028-00131-00001,"data:image/png;base64,iVBORw0KGgoAAAANSUhEUgAAADcAAAA3CAMAAACfBSJ0AAABHVBMVEUAAADd3d3d3d3d3d3f39/e3t7e3t7e3t7f39/f39/e3t7g4ODg4ODk5OTd3d3d3d3f39/h4eHd3d3e3t7e3t7e3t7e3t7f39/e3t7e3t7e3t7f39/e3t7e3t7f39/f39/f39/h4eHj4+Pr6+vj4+Pj4+Pe3t7d3d3f39/h4eHf39/d3d3e3t7f39/f39/f39/g4ODp6ene3t7h4eHf39/f4ODe3t7f4ODf3t7d3d3e3t7n5+fg4ODg4ODk5OTu7u7f39/h4eHi4eHq6ure3t7h4eHi4+Pm5ubn5+fe3t7m5ube3t7n5+fl5eXx8fH19fXj4+Pe3t7g4ODk5OTl5OTe3t7j4+Pf39/j4+Pk5OTl5eXt7e3r6+vd3d3b29vltBjNAAAAXXRSTlMA7PfyI8S5s6d8aicRBOHelCv779TPVDn0v6udml5OS0IvIBQHAunmiGVE+dzHraNGQEA8Nh/XzIV3blxbV0stHRgNCdG7sI+FenJyZ0Y3IRv32rmWjYuB3Zt/YE3ndXhZAAADF0lEQVRIx5WW13biMBBAZWOMMcU2vZdAaIEEQmihLSG992wb/f9nrFuAPWcchfsAGkYXSTPIB+KEkMtwrxdkW5a9YUa+msuj7bRdyRPreiciRMtbeYEWWFT9ZCs8AJGEmFG40nbeZbTRi2txrVvezisLQyUZBOXixO/7vjVJxzQX6FCpG6mogW9q17zIx2pAaeR28fHzoeXVP/PLI8ej7qSlmf724Ir5nrL11Gs/Xvf2pIHEHQXag/MXj8NZT6LudFjdJVfNukslvrtOaU5h35ff50IRejb+HXToyY9QrTfh08cKDcuCpwpUq1MA7u3xKNhSJY+qEQfyAyXCA/CqMK2CjnwDBlniD2jtQvaqsItqfm0eb89y8j0hblOQDo1Xl6DnosYoVESsnqRAKJqyivZOQafv4wDAra/i4404/APxcmBAx2YQM4NEXASAoR7XzTiJNiFsetaVe+DNIHZJgXb0+MD0PtCrE7W+0zz78tT03scUqiX95BU9oJAnGBnT4xeE2AvshVOCO+k1OjuSp/lGFy9nlgv2B+6zHWvXuXbnsFEoNu5m2WNv7S2dOmtF02X059IuHHbuZmN9WkY6F5OtiFLhYQ0FHqvnUgpyvJG2JyH0sYuxSACLffSR8kxZXo1giMCi7tAHi6AbNgl5mmCD989rJRMaOadrjf4ixT1ryB+h3i21s+UXulkMfy5kjTgB9aZgpyP/F0j5LLTDfc8Dg+cA6h3a20lmnmADl/pZpyhBOeLBvpwHmxtVic/eqBv3ii4zWynZlbW5ITtWAkTc84Wt9Jz83VyvQO7t0OPgcVZaJqXmWjtdkpE9TOGewK2OMV0tGMqT8inbs5+X5PrzJ3JLiAyIh5wPuKLeFJHTB544Ifeu9TVC0VYTgnFj+ULBeGR0KhTgy7oUE+teexfE5HHI25pzH+J7sKaalmOx44OKFX3Z9wZ8DY3gXg4YNAOol2VoTvfohuVxO6hXY3l8EfUOgEUD9ZIsjU4wLdBketeY98gBCxXzuntMT8S8P5TpKVjjL9meS0D/qbLJIV4V2HhXs/8BjbfVOsLFpPsAAAAASUVORK5CYII=",https://www.blibli.com/brand/logitech?page=4&start=144&intent=false&brandName=logitech
Logitech MK345 Combo Wireless Keyboard and Mouse,https://www.blibli.com/p/logitech-mk345-combo-wireless-keyboard-and-mouse/pc--MTA-0138152?ds=MUM-60030-00118-00001,"data:image/png;base64,iVBORw0KGgoAAAANSUhEUgAAADcAAAA3CAMAAACfBSJ0AAABHVBMVEUAAADd3d3d3d3d3d3f39/e3t7e3t7e3t7f39/f39/e3t7g4ODg4ODk5OTd3d3d3d3f39/h4eHd3d3e3t7e3t7e3t7e3t7f39/e3t7e3t7e3t7f39/e3t7e3t7f39/f39/f39/h4eHj4+Pr6+vj4+Pj4+Pe3t7d3d3f39/h4eHf39/d3d3e3t7f39/f39/f39/g4ODp6ene3t7h4eHf39/f4ODe3t7f4ODf3t7d3d3e3t7n5+fg4ODg4ODk5OTu7u7f39/h4eHi4eHq6ure3t7h4eHi4+Pm5ubn5+fe3t7m5ube3t7n5+fl5eXx8fH19fXj4+Pe3t7g4ODk5OTl5OTe3t7j4+Pf39/j4+Pk5OTl5eXt7e3r6+vd3d3b29vltBjNAAAAXXRSTlMA7PfyI8S5s6d8aicRBOHelCv779TPVDn0v6udml5OS0IvIBQHAunmiGVE+dzHraNGQEA8Nh/XzIV3blxbV0stHRgNCdG7sI+FenJyZ0Y3IRv32rmWjYuB3Zt/YE3ndXhZAAADF0lEQVRIx5WW13biMBBAZWOMMcU2vZdAaIEEQmihLSG992wb/f9nrFuAPWcchfsAGkYXSTPIB+KEkMtwrxdkW5a9YUa+msuj7bRdyRPreiciRMtbeYEWWFT9ZCs8AJGEmFG40nbeZbTRi2txrVvezisLQyUZBOXixO/7vjVJxzQX6FCpG6mogW9q17zIx2pAaeR28fHzoeXVP/PLI8ej7qSlmf724Ir5nrL11Gs/Xvf2pIHEHQXag/MXj8NZT6LudFjdJVfNukslvrtOaU5h35ff50IRejb+HXToyY9QrTfh08cKDcuCpwpUq1MA7u3xKNhSJY+qEQfyAyXCA/CqMK2CjnwDBlniD2jtQvaqsItqfm0eb89y8j0hblOQDo1Xl6DnosYoVESsnqRAKJqyivZOQafv4wDAra/i4404/APxcmBAx2YQM4NEXASAoR7XzTiJNiFsetaVe+DNIHZJgXb0+MD0PtCrE7W+0zz78tT03scUqiX95BU9oJAnGBnT4xeE2AvshVOCO+k1OjuSp/lGFy9nlgv2B+6zHWvXuXbnsFEoNu5m2WNv7S2dOmtF02X059IuHHbuZmN9WkY6F5OtiFLhYQ0FHqvnUgpyvJG2JyH0sYuxSACLffSR8kxZXo1giMCi7tAHi6AbNgl5mmCD989rJRMaOadrjf4ixT1ryB+h3i21s+UXulkMfy5kjTgB9aZgpyP/F0j5LLTDfc8Dg+cA6h3a20lmnmADl/pZpyhBOeLBvpwHmxtVic/eqBv3ii4zWynZlbW5ITtWAkTc84Wt9Jz83VyvQO7t0OPgcVZaJqXmWjtdkpE9TOGewK2OMV0tGMqT8inbs5+X5PrzJ3JLiAyIh5wPuKLeFJHTB544Ifeu9TVC0VYTgnFj+ULBeGR0KhTgy7oUE+teexfE5HHI25pzH+J7sKaalmOx44OKFX3Z9wZ8DY3gXg4YNAOol2VoTvfohuVxO6hXY3l8EfUOgEUD9ZIsjU4wLdBketeY98gBCxXzuntMT8S8P5TpKVjjL9meS0D/qbLJIV4V2HhXs/8BjbfVOsLFpPsAAAAASUVORK5CYII=",https://www.blibli.com/brand/logitech?page=4&start=144&intent=false&brandName=logitech
Logitech K375s Multi-Device Wireless Keyboard and St...,https://www.blibli.com/p/logitech-k375s-multi-device-wireless-keyboard-and-stand-combo/pc--MTA-0840800?ds=GOC-32056-00142-00001,"data:image/png;base64,iVBORw0KGgoAAAANSUhEUgAAADcAAAA3CAMAAACfBSJ0AAABHVBMVEUAAADd3d3d3d3d3d3f39/e3t7e3t7e3t7f39/f39/e3t7g4ODg4ODk5OTd3d3d3d3f39/h4eHd3d3e3t7e3t7e3t7e3t7f39/e3t7e3t7e3t7f39/e3t7e3t7f39/f39/f39/h4eHj4+Pr6+vj4+Pj4+Pe3t7d3d3f39/h4eHf39/d3d3e3t7f39/f39/f39/g4ODp6ene3t7h4eHf39/f4ODe3t7f4ODf3t7d3d3e3t7n5+fg4ODg4ODk5OTu7u7f39/h4eHi4eHq6ure3t7h4eHi4+Pm5ubn5+fe3t7m5ube3t7n5+fl5eXx8fH19fXj4+Pe3t7g4ODk5OTl5OTe3t7j4+Pf39/j4+Pk5OTl5eXt7e3r6+vd3d3b29vltBjNAAAAXXRSTlMA7PfyI8S5s6d8aicRBOHelCv779TPVDn0v6udml5OS0IvIBQHAunmiGVE+dzHraNGQEA8Nh/XzIV3blxbV0stHRgNCdG7sI+FenJyZ0Y3IRv32rmWjYuB3Zt/YE3ndXhZAAADF0lEQVRIx5WW13biMBBAZWOMMcU2vZdAaIEEQmihLSG992wb/f9nrFuAPWcchfsAGkYXSTPIB+KEkMtwrxdkW5a9YUa+msuj7bRdyRPreiciRMtbeYEWWFT9ZCs8AJGEmFG40nbeZbTRi2txrVvezisLQyUZBOXixO/7vjVJxzQX6FCpG6mogW9q17zIx2pAaeR28fHzoeXVP/PLI8ej7qSlmf724Ir5nrL11Gs/Xvf2pIHEHQXag/MXj8NZT6LudFjdJVfNukslvrtOaU5h35ff50IRejb+HXToyY9QrTfh08cKDcuCpwpUq1MA7u3xKNhSJY+qEQfyAyXCA/CqMK2CjnwDBlniD2jtQvaqsItqfm0eb89y8j0hblOQDo1Xl6DnosYoVESsnqRAKJqyivZOQafv4wDAra/i4404/APxcmBAx2YQM4NEXASAoR7XzTiJNiFsetaVe+DNIHZJgXb0+MD0PtCrE7W+0zz78tT03scUqiX95BU9oJAnGBnT4xeE2AvshVOCO+k1OjuSp/lGFy9nlgv2B+6zHWvXuXbnsFEoNu5m2WNv7S2dOmtF02X059IuHHbuZmN9WkY6F5OtiFLhYQ0FHqvnUgpyvJG2JyH0sYuxSACLffSR8kxZXo1giMCi7tAHi6AbNgl5mmCD989rJRMaOadrjf4ixT1ryB+h3i21s+UXulkMfy5kjTgB9aZgpyP/F0j5LLTDfc8Dg+cA6h3a20lmnmADl/pZpyhBOeLBvpwHmxtVic/eqBv3ii4zWynZlbW5ITtWAkTc84Wt9Jz83VyvQO7t0OPgcVZaJqXmWjtdkpE9TOGewK2OMV0tGMqT8inbs5+X5PrzJ3JLiAyIh5wPuKLeFJHTB544Ifeu9TVC0VYTgnFj+ULBeGR0KhTgy7oUE+teexfE5HHI25pzH+J7sKaalmOx44OKFX3Z9wZ8DY3gXg4YNAOol2VoTvfohuVxO6hXY3l8EfUOgEUD9ZIsjU4wLdBketeY98gBCxXzuntMT8S8P5TpKVjjL9meS0D/qbLJIV4V2HhXs/8BjbfVOsLFpPsAAAAASUVORK5CYII=",https://www.blibli.com/brand/logitech?page=4&start=144&intent=false&brandName=logitech
Logitech - Z506 Surround Sound System 5.1 dengan 3D ...,https://www.blibli.com/p/logitech-z506-surround-sound-system-5-1-dengan-3d-stereo/pc--MTA-0139439?ds=CAA-25985-00047-00001,"data:image/png;base64,iVBORw0KGgoAAAANSUhEUgAAADcAAAA3CAMAAACfBSJ0AAABHVBMVEUAAADd3d3d3d3d3d3f39/e3t7e3t7e3t7f39/f39/e3t7g4ODg4ODk5OTd3d3d3d3f39/h4eHd3d3e3t7e3t7e3t7e3t7f39/e3t7e3t7e3t7f39/e3t7e3t7f39/f39/f39/h4eHj4+Pr6+vj4+Pj4+Pe3t7d3d3f39/h4eHf39/d3d3e3t7f39/f39/f39/g4ODp6ene3t7h4eHf39/f4ODe3t7f4ODf3t7d3d3e3t7n5+fg4ODg4ODk5OTu7u7f39/h4eHi4eHq6ure3t7h4eHi4+Pm5ubn5+fe3t7m5ube3t7n5+fl5eXx8fH19fXj4+Pe3t7g4ODk5OTl5OTe3t7j4+Pf39/j4+Pk5OTl5eXt7e3r6+vd3d3b29vltBjNAAAAXXRSTlMA7PfyI8S5s6d8aicRBOHelCv779TPVDn0v6udml5OS0IvIBQHAunmiGVE+dzHraNGQEA8Nh/XzIV3blxbV0stHRgNCdG7sI+FenJyZ0Y3IRv32rmWjYuB3Zt/YE3ndXhZAAADF0lEQVRIx5WW13biMBBAZWOMMcU2vZdAaIEEQmihLSG992wb/f9nrFuAPWcchfsAGkYXSTPIB+KEkMtwrxdkW5a9YUa+msuj7bRdyRPreiciRMtbeYEWWFT9ZCs8AJGEmFG40nbeZbTRi2txrVvezisLQyUZBOXixO/7vjVJxzQX6FCpG6mogW9q17zIx2pAaeR28fHzoeXVP/PLI8ej7qSlmf724Ir5nrL11Gs/Xvf2pIHEHQXag/MXj8NZT6LudFjdJVfNukslvrtOaU5h35ff50IRejb+HXToyY9QrTfh08cKDcuCpwpUq1MA7u3xKNhSJY+qEQfyAyXCA/CqMK2CjnwDBlniD2jtQvaqsItqfm0eb89y8j0hblOQDo1Xl6DnosYoVESsnqRAKJqyivZOQafv4wDAra/i4404/APxcmBAx2YQM4NEXASAoR7XzTiJNiFsetaVe+DNIHZJgXb0+MD0PtCrE7W+0zz78tT03scUqiX95BU9oJAnGBnT4xeE2AvshVOCO+k1OjuSp/lGFy9nlgv2B+6zHWvXuXbnsFEoNu5m2WNv7S2dOmtF02X059IuHHbuZmN9WkY6F5OtiFLhYQ0FHqvnUgpyvJG2JyH0sYuxSACLffSR8kxZXo1giMCi7tAHi6AbNgl5mmCD989rJRMaOadrjf4ixT1ryB+h3i21s+UXulkMfy5kjTgB9aZgpyP/F0j5LLTDfc8Dg+cA6h3a20lmnmADl/pZpyhBOeLBvpwHmxtVic/eqBv3ii4zWynZlbW5ITtWAkTc84Wt9Jz83VyvQO7t0OPgcVZaJqXmWjtdkpE9TOGewK2OMV0tGMqT8inbs5+X5PrzJ3JLiAyIh5wPuKLeFJHTB544Ifeu9TVC0VYTgnFj+ULBeGR0KhTgy7oUE+teexfE5HHI25pzH+J7sKaalmOx44OKFX3Z9wZ8DY3gXg4YNAOol2VoTvfohuVxO6hXY3l8EfUOgEUD9ZIsjU4wLdBketeY98gBCxXzuntMT8S8P5TpKVjjL9meS0D/qbLJIV4V2HhXs/8BjbfVOsLFpPsAAAAASUVORK5CYII=",https://www.blibli.com/brand/logitech?page=4&start=144&intent=false&brandName=logitech
Logitech Desktop MK120 Paket Keyboard dan Mouse,https://www.blibli.com/p/logitech-desktop-mk120-paket-keyboard-dan-mouse/pc--MTA-0643990?ds=STC-28313-00439-00001,"data:image/png;base64,iVBORw0KGgoAAAANSUhEUgAAADcAAAA3CAMAAACfBSJ0AAABHVBMVEUAAADd3d3d3d3d3d3f39/e3t7e3t7e3t7f39/f39/e3t7g4ODg4ODk5OTd3d3d3d3f39/h4eHd3d3e3t7e3t7e3t7e3t7f39/e3t7e3t7e3t7f39/e3t7e3t7f39/f39/f39/h4eHj4+Pr6+vj4+Pj4+Pe3t7d3d3f39/h4eHf39/d3d3e3t7f39/f39/f39/g4ODp6ene3t7h4eHf39/f4ODe3t7f4ODf3t7d3d3e3t7n5+fg4ODg4ODk5OTu7u7f39/h4eHi4eHq6ure3t7h4eHi4+Pm5ubn5+fe3t7m5ube3t7n5+fl5eXx8fH19fXj4+Pe3t7g4ODk5OTl5OTe3t7j4+Pf39/j4+Pk5OTl5eXt7e3r6+vd3d3b29vltBjNAAAAXXRSTlMA7PfyI8S5s6d8aicRBOHelCv779TPVDn0v6udml5OS0IvIBQHAunmiGVE+dzHraNGQEA8Nh/XzIV3blxbV0stHRgNCdG7sI+FenJyZ0Y3IRv32rmWjYuB3Zt/YE3ndXhZAAADF0lEQVRIx5WW13biMBBAZWOMMcU2vZdAaIEEQmihLSG992wb/f9nrFuAPWcchfsAGkYXSTPIB+KEkMtwrxdkW5a9YUa+msuj7bRdyRPreiciRMtbeYEWWFT9ZCs8AJGEmFG40nbeZbTRi2txrVvezisLQyUZBOXixO/7vjVJxzQX6FCpG6mogW9q17zIx2pAaeR28fHzoeXVP/PLI8ej7qSlmf724Ir5nrL11Gs/Xvf2pIHEHQXag/MXj8NZT6LudFjdJVfNukslvrtOaU5h35ff50IRejb+HXToyY9QrTfh08cKDcuCpwpUq1MA7u3xKNhSJY+qEQfyAyXCA/CqMK2CjnwDBlniD2jtQvaqsItqfm0eb89y8j0hblOQDo1Xl6DnosYoVESsnqRAKJqyivZOQafv4wDAra/i4404/APxcmBAx2YQM4NEXASAoR7XzTiJNiFsetaVe+DNIHZJgXb0+MD0PtCrE7W+0zz78tT03scUqiX95BU9oJAnGBnT4xeE2AvshVOCO+k1OjuSp/lGFy9nlgv2B+6zHWvXuXbnsFEoNu5m2WNv7S2dOmtF02X059IuHHbuZmN9WkY6F5OtiFLhYQ0FHqvnUgpyvJG2JyH0sYuxSACLffSR8kxZXo1giMCi7tAHi6AbNgl5mmCD989rJRMaOadrjf4ixT1ryB+h3i21s+UXulkMfy5kjTgB9aZgpyP/F0j5LLTDfc8Dg+cA6h3a20lmnmADl/pZpyhBOeLBvpwHmxtVic/eqBv3ii4zWynZlbW5ITtWAkTc84Wt9Jz83VyvQO7t0OPgcVZaJqXmWjtdkpE9TOGewK2OMV0tGMqT8inbs5+X5PrzJ3JLiAyIh5wPuKLeFJHTB544Ifeu9TVC0VYTgnFj+ULBeGR0KhTgy7oUE+teexfE5HHI25pzH+J7sKaalmOx44OKFX3Z9wZ8DY3gXg4YNAOol2VoTvfohuVxO6hXY3l8EfUOgEUD9ZIsjU4wLdBketeY98gBCxXzuntMT8S8P5TpKVjjL9meS0D/qbLJIV4V2HhXs/8BjbfVOsLFpPsAAAAASUVORK5CYII=",https://www.blibli.com/brand/logitech?page=4&start=144&intent=false&brandName=logitech
Logitech - H110 Stereo Headset with Noise-Canceling ...,https://www.blibli.com/p/logitech-h110-stereo-headset-with-noise-canceling-mic/pc--MTA-0491226?ds=COX-22901-00139-00001,"data:image/png;base64,iVBORw0KGgoAAAANSUhEUgAAADcAAAA3CAMAAACfBSJ0AAABHVBMVEUAAADd3d3d3d3d3d3f39/e3t7e3t7e3t7f39/f39/e3t7g4ODg4ODk5OTd3d3d3d3f39/h4eHd3d3e3t7e3t7e3t7e3t7f39/e3t7e3t7e3t7f39/e3t7e3t7f39/f39/f39/h4eHj4+Pr6+vj4+Pj4+Pe3t7d3d3f39/h4eHf39/d3d3e3t7f39/f39/f39/g4ODp6ene3t7h4eHf39/f4ODe3t7f4ODf3t7d3d3e3t7n5+fg4ODg4ODk5OTu7u7f39/h4eHi4eHq6ure3t7h4eHi4+Pm5ubn5+fe3t7m5ube3t7n5+fl5eXx8fH19fXj4+Pe3t7g4ODk5OTl5OTe3t7j4+Pf39/j4+Pk5OTl5eXt7e3r6+vd3d3b29vltBjNAAAAXXRSTlMA7PfyI8S5s6d8aicRBOHelCv779TPVDn0v6udml5OS0IvIBQHAunmiGVE+dzHraNGQEA8Nh/XzIV3blxbV0stHRgNCdG7sI+FenJyZ0Y3IRv32rmWjYuB3Zt/YE3ndXhZAAADF0lEQVRIx5WW13biMBBAZWOMMcU2vZdAaIEEQmihLSG992wb/f9nrFuAPWcchfsAGkYXSTPIB+KEkMtwrxdkW5a9YUa+msuj7bRdyRPreiciRMtbeYEWWFT9ZCs8AJGEmFG40nbeZbTRi2txrVvezisLQyUZBOXixO/7vjVJxzQX6FCpG6mogW9q17zIx2pAaeR28fHzoeXVP/PLI8ej7qSlmf724Ir5nrL11Gs/Xvf2pIHEHQXag/MXj8NZT6LudFjdJVfNukslvrtOaU5h35ff50IRejb+HXToyY9QrTfh08cKDcuCpwpUq1MA7u3xKNhSJY+qEQfyAyXCA/CqMK2CjnwDBlniD2jtQvaqsItqfm0eb89y8j0hblOQDo1Xl6DnosYoVESsnqRAKJqyivZOQafv4wDAra/i4404/APxcmBAx2YQM4NEXASAoR7XzTiJNiFsetaVe+DNIHZJgXb0+MD0PtCrE7W+0zz78tT03scUqiX95BU9oJAnGBnT4xeE2AvshVOCO+k1OjuSp/lGFy9nlgv2B+6zHWvXuXbnsFEoNu5m2WNv7S2dOmtF02X059IuHHbuZmN9WkY6F5OtiFLhYQ0FHqvnUgpyvJG2JyH0sYuxSACLffSR8kxZXo1giMCi7tAHi6AbNgl5mmCD989rJRMaOadrjf4ixT1ryB+h3i21s+UXulkMfy5kjTgB9aZgpyP/F0j5LLTDfc8Dg+cA6h3a20lmnmADl/pZpyhBOeLBvpwHmxtVic/eqBv3ii4zWynZlbW5ITtWAkTc84Wt9Jz83VyvQO7t0OPgcVZaJqXmWjtdkpE9TOGewK2OMV0tGMqT8inbs5+X5PrzJ3JLiAyIh5wPuKLeFJHTB544Ifeu9TVC0VYTgnFj+ULBeGR0KhTgy7oUE+teexfE5HHI25pzH+J7sKaalmOx44OKFX3Z9wZ8DY3gXg4YNAOol2VoTvfohuVxO6hXY3l8EfUOgEUD9ZIsjU4wLdBketeY98gBCxXzuntMT8S8P5TpKVjjL9meS0D/qbLJIV4V2HhXs/8BjbfVOsLFpPsAAAAASUVORK5CYII=",https://www.blibli.com/brand/logitech?page=4&start=144&intent=false&brandName=logitech
Logitech Z120 Speaker - Black White [Garansi Resmi],https://www.blibli.com/p/logitech-z120-speaker-black-white-garansi-resmi/pc--MTA-0757810?ds=SOG-39040-00050-00001,"data:image/png;base64,iVBORw0KGgoAAAANSUhEUgAAADcAAAA3CAMAAACfBSJ0AAABHVBMVEUAAADd3d3d3d3d3d3f39/e3t7e3t7e3t7f39/f39/e3t7g4ODg4ODk5OTd3d3d3d3f39/h4eHd3d3e3t7e3t7e3t7e3t7f39/e3t7e3t7e3t7f39/e3t7e3t7f39/f39/f39/h4eHj4+Pr6+vj4+Pj4+Pe3t7d3d3f39/h4eHf39/d3d3e3t7f39/f39/f39/g4ODp6ene3t7h4eHf39/f4ODe3t7f4ODf3t7d3d3e3t7n5+fg4ODg4ODk5OTu7u7f39/h4eHi4eHq6ure3t7h4eHi4+Pm5ubn5+fe3t7m5ube3t7n5+fl5eXx8fH19fXj4+Pe3t7g4ODk5OTl5OTe3t7j4+Pf39/j4+Pk5OTl5eXt7e3r6+vd3d3b29vltBjNAAAAXXRSTlMA7PfyI8S5s6d8aicRBOHelCv779TPVDn0v6udml5OS0IvIBQHAunmiGVE+dzHraNGQEA8Nh/XzIV3blxbV0stHRgNCdG7sI+FenJyZ0Y3IRv32rmWjYuB3Zt/YE3ndXhZAAADF0lEQVRIx5WW13biMBBAZWOMMcU2vZdAaIEEQmihLSG992wb/f9nrFuAPWcchfsAGkYXSTPIB+KEkMtwrxdkW5a9YUa+msuj7bRdyRPreiciRMtbeYEWWFT9ZCs8AJGEmFG40nbeZbTRi2txrVvezisLQyUZBOXixO/7vjVJxzQX6FCpG6mogW9q17zIx2pAaeR28fHzoeXVP/PLI8ej7qSlmf724Ir5nrL11Gs/Xvf2pIHEHQXag/MXj8NZT6LudFjdJVfNukslvrtOaU5h35ff50IRejb+HXToyY9QrTfh08cKDcuCpwpUq1MA7u3xKNhSJY+qEQfyAyXCA/CqMK2CjnwDBlniD2jtQvaqsItqfm0eb89y8j0hblOQDo1Xl6DnosYoVESsnqRAKJqyivZOQafv4wDAra/i4404/APxcmBAx2YQM4NEXASAoR7XzTiJNiFsetaVe+DNIHZJgXb0+MD0PtCrE7W+0zz78tT03scUqiX95BU9oJAnGBnT4xeE2AvshVOCO+k1OjuSp/lGFy9nlgv2B+6zHWvXuXbnsFEoNu5m2WNv7S2dOmtF02X059IuHHbuZmN9WkY6F5OtiFLhYQ0FHqvnUgpyvJG2JyH0sYuxSACLffSR8kxZXo1giMCi7tAHi6AbNgl5mmCD989rJRMaOadrjf4ixT1ryB+h3i21s+UXulkMfy5kjTgB9aZgpyP/F0j5LLTDfc8Dg+cA6h3a20lmnmADl/pZpyhBOeLBvpwHmxtVic/eqBv3ii4zWynZlbW5ITtWAkTc84Wt9Jz83VyvQO7t0OPgcVZaJqXmWjtdkpE9TOGewK2OMV0tGMqT8inbs5+X5PrzJ3JLiAyIh5wPuKLeFJHTB544Ifeu9TVC0VYTgnFj+ULBeGR0KhTgy7oUE+teexfE5HHI25pzH+J7sKaalmOx44OKFX3Z9wZ8DY3gXg4YNAOol2VoTvfohuVxO6hXY3l8EfUOgEUD9ZIsjU4wLdBketeY98gBCxXzuntMT8S8P5TpKVjjL9meS0D/qbLJIV4V2HhXs/8BjbfVOsLFpPsAAAAASUVORK5CYII=",https://www.blibli.com/brand/logitech?page=4&start=144&intent=false&brandName=logitech
Logitech K480 Hitam Bluetooth Multi-Device Keyboard,https://www.blibli.com/p/logitech-k480-hitam-bluetooth-multi-device-keyboard/pc--MTA-0060638?ds=CAA-25985-00038-00001,"data:image/png;base64,iVBORw0KGgoAAAANSUhEUgAAADcAAAA3CAMAAACfBSJ0AAABHVBMVEUAAADd3d3d3d3d3d3f39/e3t7e3t7e3t7f39/f39/e3t7g4ODg4ODk5OTd3d3d3d3f39/h4eHd3d3e3t7e3t7e3t7e3t7f39/e3t7e3t7e3t7f39/e3t7e3t7f39/f39/f39/h4eHj4+Pr6+vj4+Pj4+Pe3t7d3d3f39/h4eHf39/d3d3e3t7f39/f39/f39/g4ODp6ene3t7h4eHf39/f4ODe3t7f4ODf3t7d3d3e3t7n5+fg4ODg4ODk5OTu7u7f39/h4eHi4eHq6ure3t7h4eHi4+Pm5ubn5+fe3t7m5ube3t7n5+fl5eXx8fH19fXj4+Pe3t7g4ODk5OTl5OTe3t7j4+Pf39/j4+Pk5OTl5eXt7e3r6+vd3d3b29vltBjNAAAAXXRSTlMA7PfyI8S5s6d8aicRBOHelCv779TPVDn0v6udml5OS0IvIBQHAunmiGVE+dzHraNGQEA8Nh/XzIV3blxbV0stHRgNCdG7sI+FenJyZ0Y3IRv32rmWjYuB3Zt/YE3ndXhZAAADF0lEQVRIx5WW13biMBBAZWOMMcU2vZdAaIEEQmihLSG992wb/f9nrFuAPWcchfsAGkYXSTPIB+KEkMtwrxdkW5a9YUa+msuj7bRdyRPreiciRMtbeYEWWFT9ZCs8AJGEmFG40nbeZbTRi2txrVvezisLQyUZBOXixO/7vjVJxzQX6FCpG6mogW9q17zIx2pAaeR28fHzoeXVP/PLI8ej7qSlmf724Ir5nrL11Gs/Xvf2pIHEHQXag/MXj8NZT6LudFjdJVfNukslvrtOaU5h35ff50IRejb+HXToyY9QrTfh08cKDcuCpwpUq1MA7u3xKNhSJY+qEQfyAyXCA/CqMK2CjnwDBlniD2jtQvaqsItqfm0eb89y8j0hblOQDo1Xl6DnosYoVESsnqRAKJqyivZOQafv4wDAra/i4404/APxcmBAx2YQM4NEXASAoR7XzTiJNiFsetaVe+DNIHZJgXb0+MD0PtCrE7W+0zz78tT03scUqiX95BU9oJAnGBnT4xeE2AvshVOCO+k1OjuSp/lGFy9nlgv2B+6zHWvXuXbnsFEoNu5m2WNv7S2dOmtF02X059IuHHbuZmN9WkY6F5OtiFLhYQ0FHqvnUgpyvJG2JyH0sYuxSACLffSR8kxZXo1giMCi7tAHi6AbNgl5mmCD989rJRMaOadrjf4ixT1ryB+h3i21s+UXulkMfy5kjTgB9aZgpyP/F0j5LLTDfc8Dg+cA6h3a20lmnmADl/pZpyhBOeLBvpwHmxtVic/eqBv3ii4zWynZlbW5ITtWAkTc84Wt9Jz83VyvQO7t0OPgcVZaJqXmWjtdkpE9TOGewK2OMV0tGMqT8inbs5+X5PrzJ3JLiAyIh5wPuKLeFJHTB544Ifeu9TVC0VYTgnFj+ULBeGR0KhTgy7oUE+teexfE5HHI25pzH+J7sKaalmOx44OKFX3Z9wZ8DY3gXg4YNAOol2VoTvfohuVxO6hXY3l8EfUOgEUD9ZIsjU4wLdBketeY98gBCxXzuntMT8S8P5TpKVjjL9meS0D/qbLJIV4V2HhXs/8BjbfVOsLFpPsAAAAASUVORK5CYII=",https://www.blibli.com/brand/logitech?page=4&start=144&intent=false&brandName=logitech
Logitech M185 Wireless Mouse,https://www.blibli.com/p/logitech-m185-wireless-mouse/pc--MTA-0497331?ds=HEC-27670-00096-00001,"data:image/png;base64,iVBORw0KGgoAAAANSUhEUgAAADcAAAA3CAMAAACfBSJ0AAABHVBMVEUAAADd3d3d3d3d3d3f39/e3t7e3t7e3t7f39/f39/e3t7g4ODg4ODk5OTd3d3d3d3f39/h4eHd3d3e3t7e3t7e3t7e3t7f39/e3t7e3t7e3t7f39/e3t7e3t7f39/f39/f39/h4eHj4+Pr6+vj4+Pj4+Pe3t7d3d3f39/h4eHf39/d3d3e3t7f39/f39/f39/g4ODp6ene3t7h4eHf39/f4ODe3t7f4ODf3t7d3d3e3t7n5+fg4ODg4ODk5OTu7u7f39/h4eHi4eHq6ure3t7h4eHi4+Pm5ubn5+fe3t7m5ube3t7n5+fl5eXx8fH19fXj4+Pe3t7g4ODk5OTl5OTe3t7j4+Pf39/j4+Pk5OTl5eXt7e3r6+vd3d3b29vltBjNAAAAXXRSTlMA7PfyI8S5s6d8aicRBOHelCv779TPVDn0v6udml5OS0IvIBQHAunmiGVE+dzHraNGQEA8Nh/XzIV3blxbV0stHRgNCdG7sI+FenJyZ0Y3IRv32rmWjYuB3Zt/YE3ndXhZAAADF0lEQVRIx5WW13biMBBAZWOMMcU2vZdAaIEEQmihLSG992wb/f9nrFuAPWcchfsAGkYXSTPIB+KEkMtwrxdkW5a9YUa+msuj7bRdyRPreiciRMtbeYEWWFT9ZCs8AJGEmFG40nbeZbTRi2txrVvezisLQyUZBOXixO/7vjVJxzQX6FCpG6mogW9q17zIx2pAaeR28fHzoeXVP/PLI8ej7qSlmf724Ir5nrL11Gs/Xvf2pIHEHQXag/MXj8NZT6LudFjdJVfNukslvrtOaU5h35ff50IRejb+HXToyY9QrTfh08cKDcuCpwpUq1MA7u3xKNhSJY+qEQfyAyXCA/CqMK2CjnwDBlniD2jtQvaqsItqfm0eb89y8j0hblOQDo1Xl6DnosYoVESsnqRAKJqyivZOQafv4wDAra/i4404/APxcmBAx2YQM4NEXASAoR7XzTiJNiFsetaVe+DNIHZJgXb0+MD0PtCrE7W+0zz78tT03scUqiX95BU9oJAnGBnT4xeE2AvshVOCO+k1OjuSp/lGFy9nlgv2B+6zHWvXuXbnsFEoNu5m2WNv7S2dOmtF02X059IuHHbuZmN9WkY6F5OtiFLhYQ0FHqvnUgpyvJG2JyH0sYuxSACLffSR8kxZXo1giMCi7tAHi6AbNgl5mmCD989rJRMaOadrjf4ixT1ryB+h3i21s+UXulkMfy5kjTgB9aZgpyP/F0j5LLTDfc8Dg+cA6h3a20lmnmADl/pZpyhBOeLBvpwHmxtVic/eqBv3ii4zWynZlbW5ITtWAkTc84Wt9Jz83VyvQO7t0OPgcVZaJqXmWjtdkpE9TOGewK2OMV0tGMqT8inbs5+X5PrzJ3JLiAyIh5wPuKLeFJHTB544Ifeu9TVC0VYTgnFj+ULBeGR0KhTgy7oUE+teexfE5HHI25pzH+J7sKaalmOx44OKFX3Z9wZ8DY3gXg4YNAOol2VoTvfohuVxO6hXY3l8EfUOgEUD9ZIsjU4wLdBketeY98gBCxXzuntMT8S8P5TpKVjjL9meS0D/qbLJIV4V2HhXs/8BjbfVOsLFpPsAAAAASUVORK5CYII=",https://www.blibli.com/brand/logitech?page=4&start=144&intent=false&brandName=logitech
Logitech - G603 Lightspeed Wireless Gaming Mouse [91...,https://www.blibli.com/p/logitech-g603-lightspeed-wireless-gaming-mouse-910-005103-black/pc--MTA-1484682?ds=DET-24575-00330-00001,"data:image/png;base64,iVBORw0KGgoAAAANSUhEUgAAADcAAAA3CAMAAACfBSJ0AAABHVBMVEUAAADd3d3d3d3d3d3f39/e3t7e3t7e3t7f39/f39/e3t7g4ODg4ODk5OTd3d3d3d3f39/h4eHd3d3e3t7e3t7e3t7e3t7f39/e3t7e3t7e3t7f39/e3t7e3t7f39/f39/f39/h4eHj4+Pr6+vj4+Pj4+Pe3t7d3d3f39/h4eHf39/d3d3e3t7f39/f39/f39/g4ODp6ene3t7h4eHf39/f4ODe3t7f4ODf3t7d3d3e3t7n5+fg4ODg4ODk5OTu7u7f39/h4eHi4eHq6ure3t7h4eHi4+Pm5ubn5+fe3t7m5ube3t7n5+fl5eXx8fH19fXj4+Pe3t7g4ODk5OTl5OTe3t7j4+Pf39/j4+Pk5OTl5eXt7e3r6+vd3d3b29vltBjNAAAAXXRSTlMA7PfyI8S5s6d8aicRBOHelCv779TPVDn0v6udml5OS0IvIBQHAunmiGVE+dzHraNGQEA8Nh/XzIV3blxbV0stHRgNCdG7sI+FenJyZ0Y3IRv32rmWjYuB3Zt/YE3ndXhZAAADF0lEQVRIx5WW13biMBBAZWOMMcU2vZdAaIEEQmihLSG992wb/f9nrFuAPWcchfsAGkYXSTPIB+KEkMtwrxdkW5a9YUa+msuj7bRdyRPreiciRMtbeYEWWFT9ZCs8AJGEmFG40nbeZbTRi2txrVvezisLQyUZBOXixO/7vjVJxzQX6FCpG6mogW9q17zIx2pAaeR28fHzoeXVP/PLI8ej7qSlmf724Ir5nrL11Gs/Xvf2pIHEHQXag/MXj8NZT6LudFjdJVfNukslvrtOaU5h35ff50IRejb+HXToyY9QrTfh08cKDcuCpwpUq1MA7u3xKNhSJY+qEQfyAyXCA/CqMK2CjnwDBlniD2jtQvaqsItqfm0eb89y8j0hblOQDo1Xl6DnosYoVESsnqRAKJqyivZOQafv4wDAra/i4404/APxcmBAx2YQM4NEXASAoR7XzTiJNiFsetaVe+DNIHZJgXb0+MD0PtCrE7W+0zz78tT03scUqiX95BU9oJAnGBnT4xeE2AvshVOCO+k1OjuSp/lGFy9nlgv2B+6zHWvXuXbnsFEoNu5m2WNv7S2dOmtF02X059IuHHbuZmN9WkY6F5OtiFLhYQ0FHqvnUgpyvJG2JyH0sYuxSACLffSR8kxZXo1giMCi7tAHi6AbNgl5mmCD989rJRMaOadrjf4ixT1ryB+h3i21s+UXulkMfy5kjTgB9aZgpyP/F0j5LLTDfc8Dg+cA6h3a20lmnmADl/pZpyhBOeLBvpwHmxtVic/eqBv3ii4zWynZlbW5ITtWAkTc84Wt9Jz83VyvQO7t0OPgcVZaJqXmWjtdkpE9TOGewK2OMV0tGMqT8inbs5+X5PrzJ3JLiAyIh5wPuKLeFJHTB544Ifeu9TVC0VYTgnFj+ULBeGR0KhTgy7oUE+teexfE5HHI25pzH+J7sKaalmOx44OKFX3Z9wZ8DY3gXg4YNAOol2VoTvfohuVxO6hXY3l8EfUOgEUD9ZIsjU4wLdBketeY98gBCxXzuntMT8S8P5TpKVjjL9meS0D/qbLJIV4V2HhXs/8BjbfVOsLFpPsAAAAASUVORK5CYII=",https://www.blibli.com/brand/logitech?page=4&start=144&intent=false&brandName=logitech
Logitech M337 Merah Bluetooth Mouse,https://www.blibli.com/p/logitech-m337-merah-bluetooth-mouse/pc--MTA-0155561?ds=CAA-25985-00074-00001,"data:image/png;base64,iVBORw0KGgoAAAANSUhEUgAAADcAAAA3CAMAAACfBSJ0AAABHVBMVEUAAADd3d3d3d3d3d3f39/e3t7e3t7e3t7f39/f39/e3t7g4ODg4ODk5OTd3d3d3d3f39/h4eHd3d3e3t7e3t7e3t7e3t7f39/e3t7e3t7e3t7f39/e3t7e3t7f39/f39/f39/h4eHj4+Pr6+vj4+Pj4+Pe3t7d3d3f39/h4eHf39/d3d3e3t7f39/f39/f39/g4ODp6ene3t7h4eHf39/f4ODe3t7f4ODf3t7d3d3e3t7n5+fg4ODg4ODk5OTu7u7f39/h4eHi4eHq6ure3t7h4eHi4+Pm5ubn5+fe3t7m5ube3t7n5+fl5eXx8fH19fXj4+Pe3t7g4ODk5OTl5OTe3t7j4+Pf39/j4+Pk5OTl5eXt7e3r6+vd3d3b29vltBjNAAAAXXRSTlMA7PfyI8S5s6d8aicRBOHelCv779TPVDn0v6udml5OS0IvIBQHAunmiGVE+dzHraNGQEA8Nh/XzIV3blxbV0stHRgNCdG7sI+FenJyZ0Y3IRv32rmWjYuB3Zt/YE3ndXhZAAADF0lEQVRIx5WW13biMBBAZWOMMcU2vZdAaIEEQmihLSG992wb/f9nrFuAPWcchfsAGkYXSTPIB+KEkMtwrxdkW5a9YUa+msuj7bRdyRPreiciRMtbeYEWWFT9ZCs8AJGEmFG40nbeZbTRi2txrVvezisLQyUZBOXixO/7vjVJxzQX6FCpG6mogW9q17zIx2pAaeR28fHzoeXVP/PLI8ej7qSlmf724Ir5nrL11Gs/Xvf2pIHEHQXag/MXj8NZT6LudFjdJVfNukslvrtOaU5h35ff50IRejb+HXToyY9QrTfh08cKDcuCpwpUq1MA7u3xKNhSJY+qEQfyAyXCA/CqMK2CjnwDBlniD2jtQvaqsItqfm0eb89y8j0hblOQDo1Xl6DnosYoVESsnqRAKJqyivZOQafv4wDAra/i4404/APxcmBAx2YQM4NEXASAoR7XzTiJNiFsetaVe+DNIHZJgXb0+MD0PtCrE7W+0zz78tT03scUqiX95BU9oJAnGBnT4xeE2AvshVOCO+k1OjuSp/lGFy9nlgv2B+6zHWvXuXbnsFEoNu5m2WNv7S2dOmtF02X059IuHHbuZmN9WkY6F5OtiFLhYQ0FHqvnUgpyvJG2JyH0sYuxSACLffSR8kxZXo1giMCi7tAHi6AbNgl5mmCD989rJRMaOadrjf4ixT1ryB+h3i21s+UXulkMfy5kjTgB9aZgpyP/F0j5LLTDfc8Dg+cA6h3a20lmnmADl/pZpyhBOeLBvpwHmxtVic/eqBv3ii4zWynZlbW5ITtWAkTc84Wt9Jz83VyvQO7t0OPgcVZaJqXmWjtdkpE9TOGewK2OMV0tGMqT8inbs5+X5PrzJ3JLiAyIh5wPuKLeFJHTB544Ifeu9TVC0VYTgnFj+ULBeGR0KhTgy7oUE+teexfE5HHI25pzH+J7sKaalmOx44OKFX3Z9wZ8DY3gXg4YNAOol2VoTvfohuVxO6hXY3l8EfUOgEUD9ZIsjU4wLdBketeY98gBCxXzuntMT8S8P5TpKVjjL9meS0D/qbLJIV4V2HhXs/8BjbfVOsLFpPsAAAAASUVORK5CYII=",https://www.blibli.com/brand/logitech?page=4&start=144&intent=false&brandName=logitech
Logitech MK120 Combo Keyboard & Mouse,https://www.blibli.com/p/logitech-mk120-combo-keyboard-mouse/pc--MTA-0289237?ds=DBS-60028-00231-00001,"data:image/png;base64,iVBORw0KGgoAAAANSUhEUgAAADcAAAA3CAMAAACfBSJ0AAABHVBMVEUAAADd3d3d3d3d3d3f39/e3t7e3t7e3t7f39/f39/e3t7g4ODg4ODk5OTd3d3d3d3f39/h4eHd3d3e3t7e3t7e3t7e3t7f39/e3t7e3t7e3t7f39/e3t7e3t7f39/f39/f39/h4eHj4+Pr6+vj4+Pj4+Pe3t7d3d3f39/h4eHf39/d3d3e3t7f39/f39/f39/g4ODp6ene3t7h4eHf39/f4ODe3t7f4ODf3t7d3d3e3t7n5+fg4ODg4ODk5OTu7u7f39/h4eHi4eHq6ure3t7h4eHi4+Pm5ubn5+fe3t7m5ube3t7n5+fl5eXx8fH19fXj4+Pe3t7g4ODk5OTl5OTe3t7j4+Pf39/j4+Pk5OTl5eXt7e3r6+vd3d3b29vltBjNAAAAXXRSTlMA7PfyI8S5s6d8aicRBOHelCv779TPVDn0v6udml5OS0IvIBQHAunmiGVE+dzHraNGQEA8Nh/XzIV3blxbV0stHRgNCdG7sI+FenJyZ0Y3IRv32rmWjYuB3Zt/YE3ndXhZAAADF0lEQVRIx5WW13biMBBAZWOMMcU2vZdAaIEEQmihLSG992wb/f9nrFuAPWcchfsAGkYXSTPIB+KEkMtwrxdkW5a9YUa+msuj7bRdyRPreiciRMtbeYEWWFT9ZCs8AJGEmFG40nbeZbTRi2txrVvezisLQyUZBOXixO/7vjVJxzQX6FCpG6mogW9q17zIx2pAaeR28fHzoeXVP/PLI8ej7qSlmf724Ir5nrL11Gs/Xvf2pIHEHQXag/MXj8NZT6LudFjdJVfNukslvrtOaU5h35ff50IRejb+HXToyY9QrTfh08cKDcuCpwpUq1MA7u3xKNhSJY+qEQfyAyXCA/CqMK2CjnwDBlniD2jtQvaqsItqfm0eb89y8j0hblOQDo1Xl6DnosYoVESsnqRAKJqyivZOQafv4wDAra/i4404/APxcmBAx2YQM4NEXASAoR7XzTiJNiFsetaVe+DNIHZJgXb0+MD0PtCrE7W+0zz78tT03scUqiX95BU9oJAnGBnT4xeE2AvshVOCO+k1OjuSp/lGFy9nlgv2B+6zHWvXuXbnsFEoNu5m2WNv7S2dOmtF02X059IuHHbuZmN9WkY6F5OtiFLhYQ0FHqvnUgpyvJG2JyH0sYuxSACLffSR8kxZXo1giMCi7tAHi6AbNgl5mmCD989rJRMaOadrjf4ixT1ryB+h3i21s+UXulkMfy5kjTgB9aZgpyP/F0j5LLTDfc8Dg+cA6h3a20lmnmADl/pZpyhBOeLBvpwHmxtVic/eqBv3ii4zWynZlbW5ITtWAkTc84Wt9Jz83VyvQO7t0OPgcVZaJqXmWjtdkpE9TOGewK2OMV0tGMqT8inbs5+X5PrzJ3JLiAyIh5wPuKLeFJHTB544Ifeu9TVC0VYTgnFj+ULBeGR0KhTgy7oUE+teexfE5HHI25pzH+J7sKaalmOx44OKFX3Z9wZ8DY3gXg4YNAOol2VoTvfohuVxO6hXY3l8EfUOgEUD9ZIsjU4wLdBketeY98gBCxXzuntMT8S8P5TpKVjjL9meS0D/qbLJIV4V2HhXs/8BjbfVOsLFpPsAAAAASUVORK5CYII=",https://www.blibli.com/brand/logitech?page=4&start=144&intent=false&brandName=logitech
Bundle - Logitech - G300s Optical Gaming Mouse,https://www.blibli.com/p/bundle-logitech-g300s-optical-gaming-mouse/ps--BLK-15020-00796?ds=BLK-15020-00796-00001,"data:image/png;base64,iVBORw0KGgoAAAANSUhEUgAAADcAAAA3CAMAAACfBSJ0AAABHVBMVEUAAADd3d3d3d3d3d3f39/e3t7e3t7e3t7f39/f39/e3t7g4ODg4ODk5OTd3d3d3d3f39/h4eHd3d3e3t7e3t7e3t7e3t7f39/e3t7e3t7e3t7f39/e3t7e3t7f39/f39/f39/h4eHj4+Pr6+vj4+Pj4+Pe3t7d3d3f39/h4eHf39/d3d3e3t7f39/f39/f39/g4ODp6ene3t7h4eHf39/f4ODe3t7f4ODf3t7d3d3e3t7n5+fg4ODg4ODk5OTu7u7f39/h4eHi4eHq6ure3t7h4eHi4+Pm5ubn5+fe3t7m5ube3t7n5+fl5eXx8fH19fXj4+Pe3t7g4ODk5OTl5OTe3t7j4+Pf39/j4+Pk5OTl5eXt7e3r6+vd3d3b29vltBjNAAAAXXRSTlMA7PfyI8S5s6d8aicRBOHelCv779TPVDn0v6udml5OS0IvIBQHAunmiGVE+dzHraNGQEA8Nh/XzIV3blxbV0stHRgNCdG7sI+FenJyZ0Y3IRv32rmWjYuB3Zt/YE3ndXhZAAADF0lEQVRIx5WW13biMBBAZWOMMcU2vZdAaIEEQmihLSG992wb/f9nrFuAPWcchfsAGkYXSTPIB+KEkMtwrxdkW5a9YUa+msuj7bRdyRPreiciRMtbeYEWWFT9ZCs8AJGEmFG40nbeZbTRi2txrVvezisLQyUZBOXixO/7vjVJxzQX6FCpG6mogW9q17zIx2pAaeR28fHzoeXVP/PLI8ej7qSlmf724Ir5nrL11Gs/Xvf2pIHEHQXag/MXj8NZT6LudFjdJVfNukslvrtOaU5h35ff50IRejb+HXToyY9QrTfh08cKDcuCpwpUq1MA7u3xKNhSJY+qEQfyAyXCA/CqMK2CjnwDBlniD2jtQvaqsItqfm0eb89y8j0hblOQDo1Xl6DnosYoVESsnqRAKJqyivZOQafv4wDAra/i4404/APxcmBAx2YQM4NEXASAoR7XzTiJNiFsetaVe+DNIHZJgXb0+MD0PtCrE7W+0zz78tT03scUqiX95BU9oJAnGBnT4xeE2AvshVOCO+k1OjuSp/lGFy9nlgv2B+6zHWvXuXbnsFEoNu5m2WNv7S2dOmtF02X059IuHHbuZmN9WkY6F5OtiFLhYQ0FHqvnUgpyvJG2JyH0sYuxSACLffSR8kxZXo1giMCi7tAHi6AbNgl5mmCD989rJRMaOadrjf4ixT1ryB+h3i21s+UXulkMfy5kjTgB9aZgpyP/F0j5LLTDfc8Dg+cA6h3a20lmnmADl/pZpyhBOeLBvpwHmxtVic/eqBv3ii4zWynZlbW5ITtWAkTc84Wt9Jz83VyvQO7t0OPgcVZaJqXmWjtdkpE9TOGewK2OMV0tGMqT8inbs5+X5PrzJ3JLiAyIh5wPuKLeFJHTB544Ifeu9TVC0VYTgnFj+ULBeGR0KhTgy7oUE+teexfE5HHI25pzH+J7sKaalmOx44OKFX3Z9wZ8DY3gXg4YNAOol2VoTvfohuVxO6hXY3l8EfUOgEUD9ZIsjU4wLdBketeY98gBCxXzuntMT8S8P5TpKVjjL9meS0D/qbLJIV4V2HhXs/8BjbfVOsLFpPsAAAAASUVORK5CYII=",https://www.blibli.com/brand/logitech?page=4&start=144&intent=false&brandName=logitech
Logitech M187 Mouse Wireless,https://www.blibli.com/p/logitech-m187-mouse-wireless/pc--MTA-0289562?ds=DBS-60028-00174-00001,"data:image/png;base64,iVBORw0KGgoAAAANSUhEUgAAADcAAAA3CAMAAACfBSJ0AAABHVBMVEUAAADd3d3d3d3d3d3f39/e3t7e3t7e3t7f39/f39/e3t7g4ODg4ODk5OTd3d3d3d3f39/h4eHd3d3e3t7e3t7e3t7e3t7f39/e3t7e3t7e3t7f39/e3t7e3t7f39/f39/f39/h4eHj4+Pr6+vj4+Pj4+Pe3t7d3d3f39/h4eHf39/d3d3e3t7f39/f39/f39/g4ODp6ene3t7h4eHf39/f4ODe3t7f4ODf3t7d3d3e3t7n5+fg4ODg4ODk5OTu7u7f39/h4eHi4eHq6ure3t7h4eHi4+Pm5ubn5+fe3t7m5ube3t7n5+fl5eXx8fH19fXj4+Pe3t7g4ODk5OTl5OTe3t7j4+Pf39/j4+Pk5OTl5eXt7e3r6+vd3d3b29vltBjNAAAAXXRSTlMA7PfyI8S5s6d8aicRBOHelCv779TPVDn0v6udml5OS0IvIBQHAunmiGVE+dzHraNGQEA8Nh/XzIV3blxbV0stHRgNCdG7sI+FenJyZ0Y3IRv32rmWjYuB3Zt/YE3ndXhZAAADF0lEQVRIx5WW13biMBBAZWOMMcU2vZdAaIEEQmihLSG992wb/f9nrFuAPWcchfsAGkYXSTPIB+KEkMtwrxdkW5a9YUa+msuj7bRdyRPreiciRMtbeYEWWFT9ZCs8AJGEmFG40nbeZbTRi2txrVvezisLQyUZBOXixO/7vjVJxzQX6FCpG6mogW9q17zIx2pAaeR28fHzoeXVP/PLI8ej7qSlmf724Ir5nrL11Gs/Xvf2pIHEHQXag/MXj8NZT6LudFjdJVfNukslvrtOaU5h35ff50IRejb+HXToyY9QrTfh08cKDcuCpwpUq1MA7u3xKNhSJY+qEQfyAyXCA/CqMK2CjnwDBlniD2jtQvaqsItqfm0eb89y8j0hblOQDo1Xl6DnosYoVESsnqRAKJqyivZOQafv4wDAra/i4404/APxcmBAx2YQM4NEXASAoR7XzTiJNiFsetaVe+DNIHZJgXb0+MD0PtCrE7W+0zz78tT03scUqiX95BU9oJAnGBnT4xeE2AvshVOCO+k1OjuSp/lGFy9nlgv2B+6zHWvXuXbnsFEoNu5m2WNv7S2dOmtF02X059IuHHbuZmN9WkY6F5OtiFLhYQ0FHqvnUgpyvJG2JyH0sYuxSACLffSR8kxZXo1giMCi7tAHi6AbNgl5mmCD989rJRMaOadrjf4ixT1ryB+h3i21s+UXulkMfy5kjTgB9aZgpyP/F0j5LLTDfc8Dg+cA6h3a20lmnmADl/pZpyhBOeLBvpwHmxtVic/eqBv3ii4zWynZlbW5ITtWAkTc84Wt9Jz83VyvQO7t0OPgcVZaJqXmWjtdkpE9TOGewK2OMV0tGMqT8inbs5+X5PrzJ3JLiAyIh5wPuKLeFJHTB544Ifeu9TVC0VYTgnFj+ULBeGR0KhTgy7oUE+teexfE5HHI25pzH+J7sKaalmOx44OKFX3Z9wZ8DY3gXg4YNAOol2VoTvfohuVxO6hXY3l8EfUOgEUD9ZIsjU4wLdBketeY98gBCxXzuntMT8S8P5TpKVjjL9meS0D/qbLJIV4V2HhXs/8BjbfVOsLFpPsAAAAASUVORK5CYII=",https://www.blibli.com/brand/logitech?page=4&start=144&intent=false&brandName=logitech
Logitech M331 Silent Plus Wireless Mouse - Red,https://www.blibli.com/p/logitech-m331-silent-plus-wireless-mouse-red/pc--MTA-0856204?ds=1N1-27484-00091-00001,"data:image/png;base64,iVBORw0KGgoAAAANSUhEUgAAADcAAAA3CAMAAACfBSJ0AAABHVBMVEUAAADd3d3d3d3d3d3f39/e3t7e3t7e3t7f39/f39/e3t7g4ODg4ODk5OTd3d3d3d3f39/h4eHd3d3e3t7e3t7e3t7e3t7f39/e3t7e3t7e3t7f39/e3t7e3t7f39/f39/f39/h4eHj4+Pr6+vj4+Pj4+Pe3t7d3d3f39/h4eHf39/d3d3e3t7f39/f39/f39/g4ODp6ene3t7h4eHf39/f4ODe3t7f4ODf3t7d3d3e3t7n5+fg4ODg4ODk5OTu7u7f39/h4eHi4eHq6ure3t7h4eHi4+Pm5ubn5+fe3t7m5ube3t7n5+fl5eXx8fH19fXj4+Pe3t7g4ODk5OTl5OTe3t7j4+Pf39/j4+Pk5OTl5eXt7e3r6+vd3d3b29vltBjNAAAAXXRSTlMA7PfyI8S5s6d8aicRBOHelCv779TPVDn0v6udml5OS0IvIBQHAunmiGVE+dzHraNGQEA8Nh/XzIV3blxbV0stHRgNCdG7sI+FenJyZ0Y3IRv32rmWjYuB3Zt/YE3ndXhZAAADF0lEQVRIx5WW13biMBBAZWOMMcU2vZdAaIEEQmihLSG992wb/f9nrFuAPWcchfsAGkYXSTPIB+KEkMtwrxdkW5a9YUa+msuj7bRdyRPreiciRMtbeYEWWFT9ZCs8AJGEmFG40nbeZbTRi2txrVvezisLQyUZBOXixO/7vjVJxzQX6FCpG6mogW9q17zIx2pAaeR28fHzoeXVP/PLI8ej7qSlmf724Ir5nrL11Gs/Xvf2pIHEHQXag/MXj8NZT6LudFjdJVfNukslvrtOaU5h35ff50IRejb+HXToyY9QrTfh08cKDcuCpwpUq1MA7u3xKNhSJY+qEQfyAyXCA/CqMK2CjnwDBlniD2jtQvaqsItqfm0eb89y8j0hblOQDo1Xl6DnosYoVESsnqRAKJqyivZOQafv4wDAra/i4404/APxcmBAx2YQM4NEXASAoR7XzTiJNiFsetaVe+DNIHZJgXb0+MD0PtCrE7W+0zz78tT03scUqiX95BU9oJAnGBnT4xeE2AvshVOCO+k1OjuSp/lGFy9nlgv2B+6zHWvXuXbnsFEoNu5m2WNv7S2dOmtF02X059IuHHbuZmN9WkY6F5OtiFLhYQ0FHqvnUgpyvJG2JyH0sYuxSACLffSR8kxZXo1giMCi7tAHi6AbNgl5mmCD989rJRMaOadrjf4ixT1ryB+h3i21s+UXulkMfy5kjTgB9aZgpyP/F0j5LLTDfc8Dg+cA6h3a20lmnmADl/pZpyhBOeLBvpwHmxtVic/eqBv3ii4zWynZlbW5ITtWAkTc84Wt9Jz83VyvQO7t0OPgcVZaJqXmWjtdkpE9TOGewK2OMV0tGMqT8inbs5+X5PrzJ3JLiAyIh5wPuKLeFJHTB544Ifeu9TVC0VYTgnFj+ULBeGR0KhTgy7oUE+teexfE5HHI25pzH+J7sKaalmOx44OKFX3Z9wZ8DY3gXg4YNAOol2VoTvfohuVxO6hXY3l8EfUOgEUD9ZIsjU4wLdBketeY98gBCxXzuntMT8S8P5TpKVjjL9meS0D/qbLJIV4V2HhXs/8BjbfVOsLFpPsAAAAASUVORK5CYII=",https://www.blibli.com/brand/logitech?page=4&start=144&intent=false&brandName=logitech
Logitech C922 Pro Stream Webcam,https://www.blibli.com/p/logitech-c922-pro-stream-webcam/pc--MTA-1361049?ds=INS-20391-00748-00001,"data:image/png;base64,iVBORw0KGgoAAAANSUhEUgAAADcAAAA3CAMAAACfBSJ0AAABHVBMVEUAAADd3d3d3d3d3d3f39/e3t7e3t7e3t7f39/f39/e3t7g4ODg4ODk5OTd3d3d3d3f39/h4eHd3d3e3t7e3t7e3t7e3t7f39/e3t7e3t7e3t7f39/e3t7e3t7f39/f39/f39/h4eHj4+Pr6+vj4+Pj4+Pe3t7d3d3f39/h4eHf39/d3d3e3t7f39/f39/f39/g4ODp6ene3t7h4eHf39/f4ODe3t7f4ODf3t7d3d3e3t7n5+fg4ODg4ODk5OTu7u7f39/h4eHi4eHq6ure3t7h4eHi4+Pm5ubn5+fe3t7m5ube3t7n5+fl5eXx8fH19fXj4+Pe3t7g4ODk5OTl5OTe3t7j4+Pf39/j4+Pk5OTl5eXt7e3r6+vd3d3b29vltBjNAAAAXXRSTlMA7PfyI8S5s6d8aicRBOHelCv779TPVDn0v6udml5OS0IvIBQHAunmiGVE+dzHraNGQEA8Nh/XzIV3blxbV0stHRgNCdG7sI+FenJyZ0Y3IRv32rmWjYuB3Zt/YE3ndXhZAAADF0lEQVRIx5WW13biMBBAZWOMMcU2vZdAaIEEQmihLSG992wb/f9nrFuAPWcchfsAGkYXSTPIB+KEkMtwrxdkW5a9YUa+msuj7bRdyRPreiciRMtbeYEWWFT9ZCs8AJGEmFG40nbeZbTRi2txrVvezisLQyUZBOXixO/7vjVJxzQX6FCpG6mogW9q17zIx2pAaeR28fHzoeXVP/PLI8ej7qSlmf724Ir5nrL11Gs/Xvf2pIHEHQXag/MXj8NZT6LudFjdJVfNukslvrtOaU5h35ff50IRejb+HXToyY9QrTfh08cKDcuCpwpUq1MA7u3xKNhSJY+qEQfyAyXCA/CqMK2CjnwDBlniD2jtQvaqsItqfm0eb89y8j0hblOQDo1Xl6DnosYoVESsnqRAKJqyivZOQafv4wDAra/i4404/APxcmBAx2YQM4NEXASAoR7XzTiJNiFsetaVe+DNIHZJgXb0+MD0PtCrE7W+0zz78tT03scUqiX95BU9oJAnGBnT4xeE2AvshVOCO+k1OjuSp/lGFy9nlgv2B+6zHWvXuXbnsFEoNu5m2WNv7S2dOmtF02X059IuHHbuZmN9WkY6F5OtiFLhYQ0FHqvnUgpyvJG2JyH0sYuxSACLffSR8kxZXo1giMCi7tAHi6AbNgl5mmCD989rJRMaOadrjf4ixT1ryB+h3i21s+UXulkMfy5kjTgB9aZgpyP/F0j5LLTDfc8Dg+cA6h3a20lmnmADl/pZpyhBOeLBvpwHmxtVic/eqBv3ii4zWynZlbW5ITtWAkTc84Wt9Jz83VyvQO7t0OPgcVZaJqXmWjtdkpE9TOGewK2OMV0tGMqT8inbs5+X5PrzJ3JLiAyIh5wPuKLeFJHTB544Ifeu9TVC0VYTgnFj+ULBeGR0KhTgy7oUE+teexfE5HHI25pzH+J7sKaalmOx44OKFX3Z9wZ8DY3gXg4YNAOol2VoTvfohuVxO6hXY3l8EfUOgEUD9ZIsjU4wLdBketeY98gBCxXzuntMT8S8P5TpKVjjL9meS0D/qbLJIV4V2HhXs/8BjbfVOsLFpPsAAAAASUVORK5CYII=",https://www.blibli.com/brand/logitech?page=4&start=144&intent=false&brandName=logitech
Logitech - K120 Wired Keyboard,https://www.blibli.com/p/logitech-k120-wired-keyboard/pc--MTA-0073310?ds=DOA-24420-00422-00001,"data:image/png;base64,iVBORw0KGgoAAAANSUhEUgAAADcAAAA3CAMAAACfBSJ0AAABHVBMVEUAAADd3d3d3d3d3d3f39/e3t7e3t7e3t7f39/f39/e3t7g4ODg4ODk5OTd3d3d3d3f39/h4eHd3d3e3t7e3t7e3t7e3t7f39/e3t7e3t7e3t7f39/e3t7e3t7f39/f39/f39/h4eHj4+Pr6+vj4+Pj4+Pe3t7d3d3f39/h4eHf39/d3d3e3t7f39/f39/f39/g4ODp6ene3t7h4eHf39/f4ODe3t7f4ODf3t7d3d3e3t7n5+fg4ODg4ODk5OTu7u7f39/h4eHi4eHq6ure3t7h4eHi4+Pm5ubn5+fe3t7m5ube3t7n5+fl5eXx8fH19fXj4+Pe3t7g4ODk5OTl5OTe3t7j4+Pf39/j4+Pk5OTl5eXt7e3r6+vd3d3b29vltBjNAAAAXXRSTlMA7PfyI8S5s6d8aicRBOHelCv779TPVDn0v6udml5OS0IvIBQHAunmiGVE+dzHraNGQEA8Nh/XzIV3blxbV0stHRgNCdG7sI+FenJyZ0Y3IRv32rmWjYuB3Zt/YE3ndXhZAAADF0lEQVRIx5WW13biMBBAZWOMMcU2vZdAaIEEQmihLSG992wb/f9nrFuAPWcchfsAGkYXSTPIB+KEkMtwrxdkW5a9YUa+msuj7bRdyRPreiciRMtbeYEWWFT9ZCs8AJGEmFG40nbeZbTRi2txrVvezisLQyUZBOXixO/7vjVJxzQX6FCpG6mogW9q17zIx2pAaeR28fHzoeXVP/PLI8ej7qSlmf724Ir5nrL11Gs/Xvf2pIHEHQXag/MXj8NZT6LudFjdJVfNukslvrtOaU5h35ff50IRejb+HXToyY9QrTfh08cKDcuCpwpUq1MA7u3xKNhSJY+qEQfyAyXCA/CqMK2CjnwDBlniD2jtQvaqsItqfm0eb89y8j0hblOQDo1Xl6DnosYoVESsnqRAKJqyivZOQafv4wDAra/i4404/APxcmBAx2YQM4NEXASAoR7XzTiJNiFsetaVe+DNIHZJgXb0+MD0PtCrE7W+0zz78tT03scUqiX95BU9oJAnGBnT4xeE2AvshVOCO+k1OjuSp/lGFy9nlgv2B+6zHWvXuXbnsFEoNu5m2WNv7S2dOmtF02X059IuHHbuZmN9WkY6F5OtiFLhYQ0FHqvnUgpyvJG2JyH0sYuxSACLffSR8kxZXo1giMCi7tAHi6AbNgl5mmCD989rJRMaOadrjf4ixT1ryB+h3i21s+UXulkMfy5kjTgB9aZgpyP/F0j5LLTDfc8Dg+cA6h3a20lmnmADl/pZpyhBOeLBvpwHmxtVic/eqBv3ii4zWynZlbW5ITtWAkTc84Wt9Jz83VyvQO7t0OPgcVZaJqXmWjtdkpE9TOGewK2OMV0tGMqT8inbs5+X5PrzJ3JLiAyIh5wPuKLeFJHTB544Ifeu9TVC0VYTgnFj+ULBeGR0KhTgy7oUE+teexfE5HHI25pzH+J7sKaalmOx44OKFX3Z9wZ8DY3gXg4YNAOol2VoTvfohuVxO6hXY3l8EfUOgEUD9ZIsjU4wLdBketeY98gBCxXzuntMT8S8P5TpKVjjL9meS0D/qbLJIV4V2HhXs/8BjbfVOsLFpPsAAAAASUVORK5CYII=",https://www.blibli.com/brand/logitech?page=4&start=144&intent=false&brandName=logitech
