link,title,image
https://www.bukalapak.com/p/komputer/aksesoris-226/keyboard/17ahto8-jual-logitech-mk215-wireless-keyboard-mouse-black?from=brand-page&keyword=&product_owner=seller_brand,Logitech MK215 Wireless Keyboard Mouse Black,https://s3.bukalapak.com/img/3129544346/w-300/Logitech_MK215_Wireless_Keyboard_Mouse_Black.jpg
https://www.bukalapak.com/p/komputer/aksesoris-226/mouse/13s0akr-jual-logitech-m337-mouse-bluetooth-red?from=brand-page&keyword=&product_owner=seller_brand,Logitech M337 Mouse Bluetooth Red,https://s3.bukalapak.com/img/3386754346/w-300/Logitech_M337_Mouse_Bluetooth_Red.jpg
https://www.bukalapak.com/p/komputer/aksesoris-226/mouse/13rzwmt-jual-logitech-m337-mouse-bluetooth-black?from=brand-page&keyword=&product_owner=seller_brand,Logitech M337 Mouse Bluetooth Black,https://s3.bukalapak.com/img/3443164346/w-300/Logitech_M337_Mouse_Bluetooth_Black.jpg
https://www.bukalapak.com/p/komputer/aksesoris-226/mouse/13rx04b-jual-logitech-m235-mouse-wireless-colt-glossy?from=brand-page&keyword=&product_owner=seller_brand,Logitech M235 Mouse Wireless Colt Glossy,https://s3.bukalapak.com/img/8305664346/w-300/Logitech_M235_Mouse_Wireless_Colt_Glossy.jpg
https://www.bukalapak.com/p/komputer/aksesoris-226/mouse/13rws5x-jual-logitech-m235-mouse-wireless-red?from=brand-page&keyword=&product_owner=seller_brand,Logitech M235 Mouse Wireless Red,https://s3.bukalapak.com/img/3196964346/w-300/Logitech_M235_Mouse_Wireless_Red.jpg
https://www.bukalapak.com/p/komputer/aksesoris-226/mouse/13rwi4y-jual-logitech-m235-mouse-wireless-blue?from=brand-page&keyword=&product_owner=seller_brand,Logitech M235 Mouse Wireless Blue,https://s3.bukalapak.com/img/3067274346/w-300/Logitech_M235_Mouse_Wireless_Blue.jpg
https://www.bukalapak.com/p/komputer/aksesoris-226/mouse/13rvv3n-jual-logitech-m331-silent-mouse-wireless-red?from=brand-page&keyword=&product_owner=seller_brand,Logitech M331 Silent Mouse Wireless Red,https://s3.bukalapak.com/img/8869574346/w-300/Logitech_M331_Silent_Mouse_Wireless_Red.jpg
https://www.bukalapak.com/p/komputer/aksesoris-226/mouse/13rvmrs-jual-logitech-m331-silent-mouse-wireless-blue?from=brand-page&keyword=&product_owner=seller_brand,Logitech M331 Silent Mouse Wireless Blue,https://s3.bukalapak.com/img/3122287346/w-300/Logitech_M331_Silent_Mouse_Wireless_Blue.jpg
https://www.bukalapak.com/p/komputer/aksesoris-226/mouse/13rvd0t-jual-logitech-m331-silent-mouse-wireless-black?from=brand-page&keyword=&product_owner=seller_brand,Logitech M331 Silent Mouse Wireless Black,https://s3.bukalapak.com/img/8358384346/w-300/Logitech_M331_Silent_Mouse_Wireless_Black.jpg
https://www.bukalapak.com/p/komputer/aksesoris-226/mouse/13roxkv-jual-logitech-m171-mouse-wireless-red?from=brand-page&keyword=&product_owner=seller_brand,Logitech M171 Mouse Wireless Red,https://s3.bukalapak.com/img/8014394346/w-300/Logitech_M171_Mouse_Wireless_Red.jpg
https://www.bukalapak.com/p/komputer/aksesoris-226/mouse/13roifg-jual-logitech-m171-mouse-wireless-blue?from=brand-page&keyword=&product_owner=seller_brand,Logitech M171 Mouse Wireless Blue,https://s3.bukalapak.com/img/8466694346/w-300/Logitech_M171_Mouse_Wireless_Blue.jpg
https://www.bukalapak.com/p/komputer/aksesoris-226/mouse/13ro68k-jual-logitech-m170-mouse-wireless-black?from=brand-page&keyword=&product_owner=seller_brand,Logitech M170 Mouse Wireless - Black,https://s3.bukalapak.com/img/8911005346/w-300/Logitech_M170_Mouse_Wireless___Black.jpg
https://www.bukalapak.com/p/komputer/aksesoris-226/mouse/13rnj2y-jual-logitech-mk220-keyboard-mouse-wireless?from=brand-page&keyword=&product_owner=seller_brand,Logitech MK220 Keyboard Mouse Wireless,https://s3.bukalapak.com/img/8491805346/w-300/Logitech_MK220_Keyboard_Mouse_Wireless.jpg
https://www.bukalapak.com/p/komputer/aksesoris-226/mouse/13rmwtz-jual-logitech-mx-anywhere-2s-wireless-mouse?from=brand-page&keyword=&product_owner=seller_brand,Logitech MX Anywhere 2S Wireless Mouse,https://s3.bukalapak.com/img/3405115346/w-300/Logitech_MX_Anywhere_2S_Wireless_Mouse.jpg
https://www.bukalapak.com/p/komputer/aksesoris-226/mouse/13rmj89-jual-logitech-mx-master-2s-wireless-mouse?from=brand-page&keyword=&product_owner=seller_brand,Logitech MX Master 2S Wireless Mouse,https://s3.bukalapak.com/img/8287415346/w-300/Logitech_MX_Master_2S_Wireless_Mouse.jpg
https://www.bukalapak.com/p/komputer/aksesoris-226/mouse/13rm3h6-jual-logitech-m720-marathon-mouse-wireless?from=brand-page&keyword=&product_owner=seller_brand,Logitech M720 Marathon Mouse Wireless,https://s3.bukalapak.com/img/8145815346/w-300/Logitech_M720_Marathon_Mouse_Wireless.jpg
https://www.bukalapak.com/p/komputer/aksesoris-226/mouse/13rljn5-jual-logitech-m220-silent-wireless-mouse?from=brand-page&keyword=&product_owner=seller_brand,Logitech M220 Silent Wireless Mouse,https://s3.bukalapak.com/img/8318125346/w-300/Logitech_M220_Silent_Wireless_Mouse.jpg
https://www.bukalapak.com/p/komputer/aksesoris-226/webcam/12guupa-jual-logitech-c170-webcam?from=brand-page&keyword=&product_owner=seller_brand,Logitech C170 Webcam,https://s3.bukalapak.com/img/8019155346/w-300/Logitech_C170_Webcam.jpg
https://www.bukalapak.com/p/komputer/aksesoris-226/webcam/12gsp0w-jual-logitech-hd-webcam-c922-pro-stream?from=brand-page&keyword=&product_owner=seller_brand,Logitech HD Webcam C922 Pro Stream,https://s3.bukalapak.com/img/8269118346/w-300/Logitech_HD_Webcam_C922_Pro_Stream.jpg
https://www.bukalapak.com/p/komputer/aksesoris-226/speaker-sound/12grn5f-jual-logitech-x50-mobile-wireless-speaker-yellow?from=brand-page&keyword=&product_owner=seller_brand,Logitech X50 Mobile Wireless Speaker - Yellow,https://s3.bukalapak.com/img/8998165346/w-300/Logitech_X50_Mobile_Wireless_Speaker___Yellow.jpg
https://www.bukalapak.com/p/komputer/aksesoris-226/speaker-sound/12grhcy-jual-logitech-x50-mobile-wireless-speaker-orange?from=brand-page&keyword=&product_owner=seller_brand,Logitech X50 Mobile Wireless Speaker - Orange,https://s3.bukalapak.com/img/8781765346/w-300/Logitech_X50_Mobile_Wireless_Speaker___Orange.jpg
https://www.bukalapak.com/p/komputer/aksesoris-226/speaker-sound/12g9mig-jual-logitech-x50-mobile-wireless-speaker-green?from=brand-page&keyword=&product_owner=seller_brand,Logitech X50 Mobile Wireless Speaker - Green,https://s3.bukalapak.com/img/8028175346/w-300/Logitech_X50_Mobile_Wireless_Speaker___Green.jpg
https://www.bukalapak.com/p/komputer/aksesoris-226/speaker-sound/12g7gz7-jual-logitech-z333-speaker-system-with-subwoofer?from=brand-page&keyword=&product_owner=seller_brand,Logitech Z333 Speaker System With Subwoofer,https://s3.bukalapak.com/img/8137088346/w-300/Logitech_Z333_Speaker_System_With_Subwoofer.jpg
https://www.bukalapak.com/p/komputer/aksesoris-226/speaker-sound/12g70lh-jual-logitech-z623-speaker-system-with-subwoofer?from=brand-page&keyword=&product_owner=seller_brand,Logitech Z623 Speaker System With Subwoofer,https://s3.bukalapak.com/img/8794585346/w-300/Logitech_Z623_Speaker_System_With_Subwoofer.jpg
https://www.bukalapak.com/p/komputer/aksesoris-226/speaker-sound/12g6cz7-jual-logitech-mx-sound-premium-bluetooth-speaker?from=brand-page&keyword=&product_owner=seller_brand,Logitech MX Sound Premium Bluetooth Speaker,https://s3.bukalapak.com/img/8606885346/w-300/Logitech_MX_Sound_Premium_Bluetooth_Speaker.jpg
https://www.bukalapak.com/p/komputer/aksesoris-226/mouse/12g3sch-jual-logitech-m105-hd-optical-mouse-white?from=brand-page&keyword=&product_owner=seller_brand,Logitech M105 HD Optical Mouse - White,https://s3.bukalapak.com/img/3178497346/w-300/Logitech_M105_HD_Optical_Mouse___White.jpg
https://www.bukalapak.com/p/komputer/aksesoris-226/mouse/12g2ate-jual-logitech-m105-hd-optical-mouse-red?from=brand-page&keyword=&product_owner=seller_brand,Logitech M105 HD Optical Mouse - Red,https://s3.bukalapak.com/img/8190695346/w-300/Logitech_M105_HD_Optical_Mouse___Red.jpg
https://www.bukalapak.com/p/komputer/aksesoris-226/aksesoris-lainnya-241/12g1nfq-jual-logitech-h110-stereo-headset?from=brand-page&keyword=&product_owner=seller_brand,Logitech H110 Stereo Headset,https://s3.bukalapak.com/img/3726206346/w-300/Logitech_H110_Stereo_Headset.jpg
https://www.bukalapak.com/p/komputer/aksesoris-226/aksesoris-lainnya-241/12g0elf-jual-logitech-h150-stereo-headset-cloud-white?from=brand-page&keyword=&product_owner=seller_brand,Logitech H150 Stereo Headset - Cloud White,https://s3.bukalapak.com/img/3271016346/w-300/Logitech_H150_Stereo_Headset___Cloud_White.jpg
https://www.bukalapak.com/p/komputer/aksesoris-226/aksesoris-lainnya-241/12g016x-jual-logitech-h150-stereo-headset-sky-blue?from=brand-page&keyword=&product_owner=seller_brand,Logitech H150 Stereo Headset - Sky Blue,https://s3.bukalapak.com/img/8414606346/w-300/Logitech_H150_Stereo_Headset___Sky_Blue.jpg
https://www.bukalapak.com/p/komputer/aksesoris-226/aksesoris-lainnya-241/12fyw7i-jual-logitech-h151-stereo-headset?from=brand-page&keyword=&product_owner=seller_brand,Logitech H151 Stereo Headset,https://s3.bukalapak.com/img/8757416346/w-300/Logitech_H151_Stereo_Headset.jpg
https://www.bukalapak.com/p/komputer/aksesoris-226/aksesoris-lainnya-241/12fybmt-jual-logitech-h111-stereo-headset?from=brand-page&keyword=&product_owner=seller_brand,Logitech H111 Stereo Headset,https://s3.bukalapak.com/img/3961816346/w-300/Logitech_H111_Stereo_Headset.jpg
https://www.bukalapak.com/p/komputer/aksesoris-226/speaker-sound/123kj9a-jual-logitech-z121-compact-stereo-speaker?from=brand-page&keyword=&product_owner=seller_brand,Logitech Z121 Compact Stereo Speaker,https://s3.bukalapak.com/img/8556446346/w-300/Logitech_Z121_Compact_Stereo_Speaker.jpg
https://www.bukalapak.com/p/komputer/aksesoris-226/laser-pointer/123kbt3-jual-logitech-r400-wireless-presenter?from=brand-page&keyword=&product_owner=seller_brand,Logitech R400 Wireless Presenter,https://s3.bukalapak.com/img/8279156346/w-300/Logitech_R400_Wireless_Presenter.jpg
https://www.bukalapak.com/p/komputer/aksesoris-226/laser-pointer/123fyhh-jual-logitech-r500-laser-presentation-remote-black?from=brand-page&keyword=&product_owner=seller_brand,Logitech R500 Laser Presentation Remote Black,https://s3.bukalapak.com/img/8323656346/w-300/Logitech_R500_Laser_Presentation_Remote_Black.jpg
https://www.bukalapak.com/p/komputer/aksesoris-226/laser-pointer/123fmfl-jual-logitech-r500-laser-presentation-remote-grey?from=brand-page&keyword=&product_owner=seller_brand,Logitech R500 Laser Presentation Remote Grey,https://s3.bukalapak.com/img/3999176346/w-300/Logitech_R500_Laser_Presentation_Remote_Grey.jpg
https://www.bukalapak.com/p/komputer/aksesoris-226/laser-pointer/123faxz-jual-logitech-spotlight-gold?from=brand-page&keyword=&product_owner=seller_brand,Logitech Spotlight Gold,https://s3.bukalapak.com/img/3140386346/w-300/Logitech_Spotlight_Gold.jpg
https://www.bukalapak.com/p/komputer/aksesoris-226/laser-pointer/123f38m-jual-logitech-spotlight-slate?from=brand-page&keyword=&product_owner=seller_brand,Logitech Spotlight Slate,https://s3.bukalapak.com/img/3103786346/w-300/Logitech_Spotlight_Slate.jpg
https://www.bukalapak.com/p/komputer/aksesoris-226/keyboard/123btnz-jual-logitech-mk100-combo-classic-desktop?from=brand-page&keyword=&product_owner=seller_brand,Logitech MK100 Combo Classic Desktop,https://s3.bukalapak.com/img/8768096346/w-300/Logitech_MK100_Combo_Classic_Desktop.jpg
https://www.bukalapak.com/p/komputer/aksesoris-226/keyboard/123auzn-jual-logitech-mk270r-wireless-keyboard-mouse-wireless?from=brand-page&keyword=&product_owner=seller_brand,Logitech MK270r Wireless Keyboard Mouse Wireless,https://s3.bukalapak.com/img/8765237346/w-300/Logitech_MK270r_Wireless_Keyboard_Mouse_Wireless.jpg
https://www.bukalapak.com/p/komputer/aksesoris-226/keyboard/1239i06-jual-logitech-mk275-wireless-keyboard-mouse?from=brand-page&keyword=&product_owner=seller_brand,Logitech MK275 Wireless Keyboard Mouse,https://s3.bukalapak.com/img/3171637346/w-300/Logitech_MK275_Wireless_Keyboard_Mouse.jpg
https://www.bukalapak.com/p/komputer/aksesoris-226/mouse/1237vnr-jual-logitech-m238-marvel-collection-wireless-mouse-captain-america?from=brand-page&keyword=&product_owner=seller_brand,Logitech M238 Marvel Collection Wireless Mouse CAPTAIN AMERICA,https://s3.bukalapak.com/img/8317853635/w-300/Logitech_M238_Marvel_Collection_Wireless_Mouse_CAPTAIN_AMERI.jpg
https://www.bukalapak.com/p/komputer/aksesoris-226/mouse/1237qzf-jual-logitech-m238-marvel-collection-wireless-mouse-spiderman?from=brand-page&keyword=&product_owner=seller_brand,Logitech M238 Marvel Collection Wireless Mouse SPIDERMAN,https://s3.bukalapak.com/img/3695653635/w-300/Logitech_M238_Marvel_Collection_Wireless_Mouse_SPIDERMAN.jpg
https://www.bukalapak.com/p/komputer/aksesoris-226/mouse/1237grs-jual-logitech-m238-marvel-collection-wireless-mouse-black-panther?from=brand-page&keyword=&product_owner=seller_brand,Logitech M238 Marvel Collection Wireless Mouse BLACK PANTHER,https://s3.bukalapak.com/img/3120253635/w-300/Logitech_M238_Marvel_Collection_Wireless_Mouse_BLACK_PANTHER.jpg
https://www.bukalapak.com/p/komputer/aksesoris-226/mouse/1237588-jual-logitech-m238-marvel-collection-wireless-mouse-iron-man?from=brand-page&keyword=&product_owner=seller_brand,Logitech M238 Marvel Collection Wireless Mouse IRON MAN,https://s3.bukalapak.com/img/8912443635/w-300/M238_IRONMAN_100.jpg
https://www.bukalapak.com/p/komputer/aksesoris-226/keyboard/1235ohw-jual-logitech-k400-plus-keyboard-wireless-white?from=brand-page&keyword=&product_owner=seller_brand,Logitech K400 Plus Keyboard Wireless White,https://s3.bukalapak.com/img/3277447346/w-300/Logitech_K400_Plus_Keyboard_Wireless_White.jpg
https://www.bukalapak.com/p/komputer/aksesoris-226/keyboard/12350jj-jual-logitech-k400-plus-keyboard-wireless-black?from=brand-page&keyword=&product_owner=seller_brand,Logitech K400 Plus Keyboard Wireless Black,https://s3.bukalapak.com/img/3242947346/w-300/Logitech_K400_Plus_Keyboard_Wireless_Black.jpg
https://www.bukalapak.com/p/komputer/aksesoris-226/keyboard/1233t3s-jual-logitech-k380-keyboard-wireless-multi-device-blue?from=brand-page&keyword=&product_owner=seller_brand,Logitech K380 Keyboard Wireless Multi Device Blue,https://s3.bukalapak.com/img/3812267346/w-300/Logitech_K380_Keyboard_Wireless_Multi_Device_Blue.jpg
https://www.bukalapak.com/p/komputer/aksesoris-226/keyboard/1231u66-jual-logitech-k380-keyboard-wireless-multi-device-black?from=brand-page&keyword=&product_owner=seller_brand,Logitech K380 Keyboard Wireless Multi Device Black,https://s3.bukalapak.com/img/3015727346/w-300/Logitech_K380_Keyboard_Wireless_Multi_Device_Black.jpg
https://www.bukalapak.com/p/komputer/aksesoris-226/keyboard/1228033-jual-logitech-k480-keyboard-wireless-multi-device-white?from=brand-page&keyword=&product_owner=seller_brand,Logitech K480 Keyboard Wireless Multi Device White,https://s3.bukalapak.com/img/8012666346/w-300/Logitech_K480_Keyboard_Wireless_Multi_Device_White.jpg
https://www.bukalapak.com/p/komputer/aksesoris-226/keyboard/1227cdw-jual-logitech-k480-keyboard-wireless-multi-device-black?from=brand-page&keyword=&product_owner=seller_brand,Logitech K480 Keyboard Wireless Multi Device Black,https://s3.bukalapak.com/img/3202266346/w-300/Logitech_K480_Keyboard_Wireless_Multi_Device_Black.jpg
